idna_subject,checker_type,destination,tested_at
1.100.18.90,AVAILABILITY,domains.list,2021-07-08 10:41:19.751593
1.101.88.249,AVAILABILITY,domains.list,2021-07-08 10:41:40.438038
1.109.106.221,AVAILABILITY,domains.list,2021-07-08 10:42:00.932525
1.109.125.143,AVAILABILITY,domains.list,2021-07-08 10:42:21.997675
1.109.26.76,AVAILABILITY,domains.list,2021-07-08 10:42:42.893539
1.119.0.247,AVAILABILITY,domains.list,2021-07-08 10:43:11.785732
1.119.10.198,AVAILABILITY,domains.list,2021-07-08 10:43:32.071924
1.119.12.115,AVAILABILITY,domains.list,2021-07-08 10:43:52.289880
1.119.128.170,AVAILABILITY,domains.list,2021-07-08 10:44:16.342123
1.119.140.98,AVAILABILITY,domains.list,2021-07-08 10:44:18.472710
1.119.145.114,AVAILABILITY,domains.list,2021-07-08 10:44:29.826922
1.119.145.66,AVAILABILITY,domains.list,2021-07-08 10:44:57.362033
1.119.146.187,AVAILABILITY,domains.list,2021-07-08 10:45:21.219505
1.119.192.195,AVAILABILITY,domains.list,2021-07-08 11:01:02.353608
1.119.3.58,AVAILABILITY,domains.list,2021-07-08 11:01:22.628246
1.119.4.99,AVAILABILITY,domains.list,2021-07-08 11:01:42.848792
1.119.43.90,AVAILABILITY,domains.list,2021-07-08 11:02:03.121877
1.119.55.10,AVAILABILITY,domains.list,2021-07-08 11:02:41.476384
1.144.196.99,AVAILABILITY,domains.list,2021-07-08 11:03:03.107400
1.176.134.242,AVAILABILITY,domains.list,2021-07-08 11:20:31.640086
1.176.214.4,AVAILABILITY,domains.list,2021-07-08 11:20:52.753455
1.179.136.7,AVAILABILITY,domains.list,2021-07-08 11:21:13.742840
1.179.150.133,AVAILABILITY,domains.list,2021-07-08 11:35:12.575238
1.179.156.158,AVAILABILITY,domains.list,2021-07-08 11:35:33.193601
1.179.170.123,AVAILABILITY,domains.list,2021-07-08 11:35:53.949727
1.179.175.22,AVAILABILITY,domains.list,2021-07-08 11:36:14.098248
1.179.177.241,AVAILABILITY,domains.list,2021-07-08 11:36:34.293982
1.179.182.186,AVAILABILITY,domains.list,2021-07-08 11:36:55.265926
1.179.182.82,AVAILABILITY,domains.list,2021-07-08 11:37:15.476153
1.179.186.174,AVAILABILITY,domains.list,2021-07-08 11:37:20.997611
1.179.187.141,AVAILABILITY,domains.list,2021-07-08 11:37:46.339199
1.179.191.82,AVAILABILITY,domains.list,2021-07-08 11:38:06.538478
1.179.196.148,AVAILABILITY,domains.list,2021-07-08 11:38:30.968109
1.179.201.20,AVAILABILITY,domains.list,2021-07-08 11:38:51.117352
1.180.156.2,AVAILABILITY,domains.list,2021-07-08 11:39:12.845994
1.180.156.6,AVAILABILITY,domains.list,2021-07-08 11:39:33.115400
1.180.158.238,AVAILABILITY,domains.list,2021-07-08 11:39:53.257665
1.180.170.186,AVAILABILITY,domains.list,2021-07-08 11:40:13.397980
1.180.189.18,AVAILABILITY,domains.list,2021-07-08 11:40:37.267516
1.180.206.192,AVAILABILITY,domains.list,2021-07-08 11:40:57.414929
1.180.206.196,AVAILABILITY,domains.list,2021-07-08 11:41:17.564688
1.180.206.202,AVAILABILITY,domains.list,2021-07-08 11:41:37.722302
1.180.207.194,AVAILABILITY,domains.list,2021-07-08 11:41:57.871163
1.180.208.144,AVAILABILITY,domains.list,2021-07-08 11:42:18.078719
1.180.208.146,AVAILABILITY,domains.list,2021-07-08 11:42:38.217381
1.180.208.147,AVAILABILITY,domains.list,2021-07-08 11:42:58.415704
1.180.208.149,AVAILABILITY,domains.list,2021-07-08 11:43:18.621860
1.180.208.151,AVAILABILITY,domains.list,2021-07-08 11:43:38.768037
1.180.208.152,AVAILABILITY,domains.list,2021-07-08 11:43:58.912877
1.180.208.153,AVAILABILITY,domains.list,2021-07-08 11:44:19.068376
1.180.208.154,AVAILABILITY,domains.list,2021-07-08 11:44:39.213960
1.180.208.155,AVAILABILITY,domains.list,2021-07-08 11:44:59.369550
1.180.208.156,AVAILABILITY,domains.list,2021-07-08 11:45:19.523827
1.180.208.157,AVAILABILITY,domains.list,2021-07-08 11:45:39.678542
1.180.208.159,AVAILABILITY,domains.list,2021-07-08 11:45:59.819211
1.180.208.189,AVAILABILITY,domains.list,2021-07-08 11:46:19.964500
1.180.210.2,AVAILABILITY,domains.list,2021-07-08 11:46:40.122757
1.180.212.100,AVAILABILITY,domains.list,2021-07-08 11:47:00.320351
1.180.212.83,AVAILABILITY,domains.list,2021-07-08 11:47:20.523964
1.180.235.36,AVAILABILITY,domains.list,2021-07-08 11:47:40.680192
1.180.57.14,AVAILABILITY,domains.list,2021-07-08 11:48:00.876211
1.180.64.86,AVAILABILITY,domains.list,2021-07-08 11:48:21.025897
1.180.70.178,AVAILABILITY,domains.list,2021-07-08 11:48:41.177792
1.180.72.186,AVAILABILITY,domains.list,2021-07-08 11:49:01.382628
1.180.78.218,AVAILABILITY,domains.list,2021-07-08 11:49:21.534813
1.180.96.202,AVAILABILITY,domains.list,2021-07-08 11:49:41.691125
1.182.113.190,AVAILABILITY,domains.list,2021-07-08 11:52:32.187815
1.182.114.36,AVAILABILITY,domains.list,2021-07-08 11:52:52.344636
1.182.122.170,AVAILABILITY,domains.list,2021-07-08 11:53:12.502767
1.182.123.19,AVAILABILITY,domains.list,2021-07-08 11:53:32.649560
1.182.137.223,AVAILABILITY,domains.list,2021-07-08 11:53:52.965444
1.182.138.146,AVAILABILITY,domains.list,2021-07-08 11:54:13.272388
1.182.168.130,AVAILABILITY,domains.list,2021-07-08 11:54:33.494584
1.182.169.55,AVAILABILITY,domains.list,2021-07-08 11:54:53.712253
1.182.171.154,AVAILABILITY,domains.list,2021-07-08 11:55:13.863260
1.182.171.24,AVAILABILITY,domains.list,2021-07-08 11:55:37.975456
1.182.208.225,AVAILABILITY,domains.list,2021-07-08 11:55:58.121385
1.182.208.245,AVAILABILITY,domains.list,2021-07-08 11:56:18.275608
1.182.208.30,AVAILABILITY,domains.list,2021-07-08 11:56:20.233449
1.182.208.33,AVAILABILITY,domains.list,2021-07-08 11:56:40.434811
1.182.208.85,AVAILABILITY,domains.list,2021-07-08 11:57:00.648499
1.182.212.6,AVAILABILITY,domains.list,2021-07-08 11:57:02.600771
1.182.224.127,AVAILABILITY,domains.list,2021-07-08 11:57:22.745430
1.182.224.153,AVAILABILITY,domains.list,2021-07-08 11:57:42.940180
1.182.225.226,AVAILABILITY,domains.list,2021-07-08 11:58:03.155986
1.182.29.171,AVAILABILITY,domains.list,2021-07-08 11:58:23.312243
1.182.86.119,AVAILABILITY,domains.list,2021-07-08 11:58:43.456694
1.182.86.199,AVAILABILITY,domains.list,2021-07-08 11:59:03.604686
1.182.87.175,AVAILABILITY,domains.list,2021-07-08 11:59:23.813784
1.182.87.184,AVAILABILITY,domains.list,2021-07-08 11:59:43.975685
1.182.87.50,AVAILABILITY,domains.list,2021-07-08 12:00:04.133480
1.182.88.198,AVAILABILITY,domains.list,2021-07-08 12:00:05.050507
1.183.221.92,AVAILABILITY,domains.list,2021-07-08 12:00:26.720747
1.188.140.203,AVAILABILITY,domains.list,2021-07-08 12:00:55.652320
1.188.36.117,AVAILABILITY,domains.list,2021-07-08 12:01:21.076621
1.189.134.37,AVAILABILITY,domains.list,2021-07-08 12:01:41.216459
1.189.134.70,AVAILABILITY,domains.list,2021-07-08 12:02:01.364868
1.189.150.167,AVAILABILITY,domains.list,2021-07-08 12:02:21.508109
1.189.150.177,AVAILABILITY,domains.list,2021-07-08 12:02:41.713935
1.189.150.204,AVAILABILITY,domains.list,2021-07-08 12:03:01.851825
1.189.151.138,AVAILABILITY,domains.list,2021-07-08 12:03:22.101277
1.189.151.211,AVAILABILITY,domains.list,2021-07-08 12:03:42.252162
1.189.178.124,AVAILABILITY,domains.list,2021-07-08 12:04:02.395485
1.189.195.186,AVAILABILITY,domains.list,2021-07-08 12:04:22.580998
1.189.205.162,AVAILABILITY,domains.list,2021-07-08 12:04:42.808842
1.189.205.173,AVAILABILITY,domains.list,2021-07-08 12:05:02.958994
1.189.209.194,AVAILABILITY,domains.list,2021-07-08 12:05:23.114887
1.189.209.38,AVAILABILITY,domains.list,2021-07-08 12:05:43.258236
1.189.21.18,AVAILABILITY,domains.list,2021-07-08 12:06:03.408999
1.189.228.62,AVAILABILITY,domains.list,2021-07-08 12:06:23.567937
1.189.238.113,AVAILABILITY,domains.list,2021-07-08 12:06:43.720901
1.189.238.16,AVAILABILITY,domains.list,2021-07-08 12:07:07.967120
1.189.238.79,AVAILABILITY,domains.list,2021-07-08 12:18:32.164279
1.189.46.38,AVAILABILITY,domains.list,2021-07-08 12:18:52.666720
1.189.47.156,AVAILABILITY,domains.list,2021-07-08 12:19:12.898202
1.189.47.204,AVAILABILITY,domains.list,2021-07-08 12:19:33.111904
1.189.48.13,AVAILABILITY,domains.list,2021-07-08 12:19:53.444701
1.189.54.102,AVAILABILITY,domains.list,2021-07-08 12:20:13.719925
1.189.59.193,AVAILABILITY,domains.list,2021-07-08 12:20:34.074572
1.189.86.16,AVAILABILITY,domains.list,2021-07-08 12:20:54.396157
1.189.96.192,AVAILABILITY,domains.list,2021-07-08 12:21:14.771444
1.190.131.22,AVAILABILITY,domains.list,2021-07-08 12:21:34.976030
1.190.154.112,AVAILABILITY,domains.list,2021-07-08 12:21:55.270746
1.190.154.233,AVAILABILITY,domains.list,2021-07-08 12:22:15.658211
1.190.175.66,AVAILABILITY,domains.list,2021-07-08 12:22:36.028731
1.190.188.3,AVAILABILITY,domains.list,2021-07-08 12:22:57.949454
1.190.208.57,AVAILABILITY,domains.list,2021-07-08 12:23:18.230263
1.191.139.239,AVAILABILITY,domains.list,2021-07-08 12:23:38.571591
1.191.16.85,AVAILABILITY,domains.list,2021-07-08 12:23:58.767440
1.191.18.105,AVAILABILITY,domains.list,2021-07-08 12:24:19.094515
1.191.19.108,AVAILABILITY,domains.list,2021-07-08 12:24:39.478063
1.192.109.236,AVAILABILITY,domains.list,2021-07-08 12:25:05.576689
1.192.128.23,AVAILABILITY,domains.list,2021-07-08 12:25:34.930707
1.192.129.232,AVAILABILITY,domains.list,2021-07-08 12:26:00.241587
1.192.161.46,AVAILABILITY,domains.list,2021-07-08 12:26:28.682149
1.192.176.96,AVAILABILITY,domains.list,2021-07-08 12:26:54.216534
1.192.177.44,AVAILABILITY,domains.list,2021-07-08 12:27:24.835721
1.192.177.54,AVAILABILITY,domains.list,2021-07-08 12:27:50.634517
1.192.178.132,AVAILABILITY,domains.list,2021-07-08 12:28:18.452875
1.192.179.132,AVAILABILITY,domains.list,2021-07-08 12:28:45.551261
1.192.179.176,AVAILABILITY,domains.list,2021-07-08 12:29:10.621870
1.192.179.92,AVAILABILITY,domains.list,2021-07-08 12:29:36.985495
1.192.219.127,AVAILABILITY,domains.list,2021-07-08 12:30:05.994257
1.192.240.113,AVAILABILITY,domains.list,2021-07-08 12:30:31.367284
1.192.240.124,AVAILABILITY,domains.list,2021-07-08 12:30:56.231208
1.192.240.213,AVAILABILITY,domains.list,2021-07-08 12:31:24.168123
1.192.240.249,AVAILABILITY,domains.list,2021-07-08 12:31:55.326159
1.192.240.54,AVAILABILITY,domains.list,2021-07-08 12:32:24.334492
1.192.241.4,AVAILABILITY,domains.list,2021-07-08 12:32:49.848340
1.192.242.130,AVAILABILITY,domains.list,2021-07-08 12:33:23.698429
1.192.242.73,AVAILABILITY,domains.list,2021-07-08 12:41:57.496678
1.192.242.78,AVAILABILITY,domains.list,2021-07-08 12:42:21.987877
1.192.242.86,AVAILABILITY,domains.list,2021-07-08 12:42:48.072777
1.192.243.107,AVAILABILITY,domains.list,2021-07-08 12:43:18.710501
1.192.243.224,AVAILABILITY,domains.list,2021-07-08 12:43:49.357806
1.192.243.60,AVAILABILITY,domains.list,2021-07-08 12:44:22.450492
1.192.243.78,AVAILABILITY,domains.list,2021-07-08 12:44:47.127729
1.192.244.241,AVAILABILITY,domains.list,2021-07-08 12:45:12.694342
1.192.244.68,AVAILABILITY,domains.list,2021-07-08 12:45:37.287829
1.192.245.29,AVAILABILITY,domains.list,2021-07-08 12:46:06.896171
1.192.246.158,AVAILABILITY,domains.list,2021-07-08 12:46:35.938820
1.192.246.213,AVAILABILITY,domains.list,2021-07-08 12:47:00.811125
1.192.246.244,AVAILABILITY,domains.list,2021-07-08 12:47:25.173806
1.192.246.4,AVAILABILITY,domains.list,2021-07-08 12:47:45.753598
1.192.246.9,AVAILABILITY,domains.list,2021-07-08 12:48:10.153416
1.192.246.98,AVAILABILITY,domains.list,2021-07-08 12:48:32.790829
1.192.247.113,AVAILABILITY,domains.list,2021-07-08 12:48:58.065883
1.192.247.122,AVAILABILITY,domains.list,2021-07-08 12:49:23.476975
1.192.247.158,AVAILABILITY,domains.list,2021-07-08 12:49:51.261815
1.192.247.56,AVAILABILITY,domains.list,2021-07-08 12:50:20.033765
1.192.88.18,AVAILABILITY,domains.list,2021-07-08 12:50:44.938808
1.193.162.170,AVAILABILITY,domains.list,2021-07-08 12:51:20.283968
1.193.163.144,AVAILABILITY,domains.list,2021-07-08 12:51:41.290775
1.193.220.108,AVAILABILITY,domains.list,2021-07-08 12:52:08.794997
1.193.220.235,AVAILABILITY,domains.list,2021-07-08 12:52:39.132209
1.193.221.146,AVAILABILITY,domains.list,2021-07-08 12:53:14.212265
1.193.221.255,AVAILABILITY,domains.list,2021-07-08 12:53:43.364599
1.193.222.158,AVAILABILITY,domains.list,2021-07-08 12:54:05.956541
1.193.223.135,AVAILABILITY,domains.list,2021-07-08 12:54:30.798832
1.193.223.164,AVAILABILITY,domains.list,2021-07-08 12:55:01.319286
1.193.251.123,AVAILABILITY,domains.list,2021-07-08 12:55:31.952295
1.194.160.63,AVAILABILITY,domains.list,2021-07-08 12:56:10.833409
1.194.161.27,AVAILABILITY,domains.list,2021-07-08 12:56:44.512290
1.194.165.176,AVAILABILITY,domains.list,2021-07-08 13:04:35.654438
1.194.172.111,AVAILABILITY,domains.list,2021-07-08 13:05:10.996753
1.194.195.146,AVAILABILITY,domains.list,2021-07-08 13:05:46.340961
1.194.225.23,AVAILABILITY,domains.list,2021-07-08 13:06:16.478332
1.194.238.197,AVAILABILITY,domains.list,2021-07-08 13:06:46.619254
1.194.50.11,AVAILABILITY,domains.list,2021-07-08 13:07:21.962472
1.194.51.116,AVAILABILITY,domains.list,2021-07-08 13:07:52.104081
1.194.53.164,AVAILABILITY,domains.list,2021-07-08 13:08:25.559785
1.194.53.223,AVAILABILITY,domains.list,2021-07-08 13:08:55.994695
1.194.54.40,AVAILABILITY,domains.list,2021-07-08 13:09:31.338069
1.194.54.54,AVAILABILITY,domains.list,2021-07-08 13:10:01.476255
1.195.189.33,AVAILABILITY,domains.list,2021-07-08 13:10:25.868561
1.195.235.95,AVAILABILITY,domains.list,2021-07-08 13:10:51.198292
1.195.28.17,AVAILABILITY,domains.list,2021-07-08 13:11:17.071808
1.195.98.93,AVAILABILITY,domains.list,2021-07-08 13:11:39.453047
1.196.106.70,AVAILABILITY,domains.list,2021-07-08 13:12:09.587133
1.196.110.5,AVAILABILITY,domains.list,2021-07-08 13:12:44.933303
1.196.119.181,AVAILABILITY,domains.list,2021-07-08 13:13:25.484358
1.196.222.25,AVAILABILITY,domains.list,2021-07-08 13:14:03.076964
1.196.88.136,AVAILABILITY,domains.list,2021-07-08 13:14:35.040607
1.197.6.152,AVAILABILITY,domains.list,2021-07-08 13:15:07.352334
1.198.156.174,AVAILABILITY,domains.list,2021-07-08 13:15:47.894633
1.198.162.221,AVAILABILITY,domains.list,2021-07-08 13:16:18.035920
1.198.173.43,AVAILABILITY,domains.list,2021-07-08 13:16:49.109596
1.199.154.240,AVAILABILITY,domains.list,2021-07-08 13:17:19.252001
1.199.224.126,AVAILABILITY,domains.list,2021-07-08 13:17:31.830168
1.199.72.82,AVAILABILITY,domains.list,2021-07-08 13:18:01.972683
1.199.74.242,AVAILABILITY,domains.list,2021-07-08 13:18:39.444389
1.199.74.27,AVAILABILITY,domains.list,2021-07-08 13:19:11.724736
1.199.75.112,AVAILABILITY,domains.list,2021-07-08 13:24:04.261445
1.199.75.214,AVAILABILITY,domains.list,2021-07-08 13:24:44.812146
1.199.75.47,AVAILABILITY,domains.list,2021-07-08 13:25:14.949130
1.2.3.4,AVAILABILITY,domains.list,2021-07-08 13:25:36.535309
1.20.102.26,AVAILABILITY,domains.list,2021-07-08 13:25:37.745511
1.20.109.112,AVAILABILITY,domains.list,2021-07-08 13:25:58.084845
1.20.132.49,AVAILABILITY,domains.list,2021-07-08 13:26:18.397434
1.20.151.19,AVAILABILITY,domains.list,2021-07-08 13:26:38.665531
1.20.176.208,AVAILABILITY,domains.list,2021-07-08 13:26:59.058431
1.20.250.28,AVAILABILITY,domains.list,2021-07-08 13:27:19.331429
1.20.80.209,AVAILABILITY,domains.list,2021-07-08 13:27:20.595944
1.20.81.46,AVAILABILITY,domains.list,2021-07-08 13:27:21.782027
1.20.83.8,AVAILABILITY,domains.list,2021-07-08 13:27:42.151325
1.20.90.14,AVAILABILITY,domains.list,2021-07-08 13:28:02.354403
1.202.135.151,AVAILABILITY,domains.list,2021-07-08 13:28:31.417399
1.202.136.28,AVAILABILITY,domains.list,2021-07-08 13:28:52.091663
1.202.137.186,AVAILABILITY,domains.list,2021-07-08 13:29:12.669687
1.202.14.194,AVAILABILITY,domains.list,2021-07-08 13:29:42.772993
1.202.149.126,AVAILABILITY,domains.list,2021-07-08 13:30:11.446499
1.202.16.41,AVAILABILITY,domains.list,2021-07-08 13:30:31.977872
1.202.178.154,AVAILABILITY,domains.list,2021-07-08 13:30:57.414020
1.202.219.55,AVAILABILITY,domains.list,2021-07-08 13:31:47.220077
1.202.222.162,AVAILABILITY,domains.list,2021-07-08 13:32:10.238046
1.202.244.222,AVAILABILITY,domains.list,2021-07-08 13:32:38.014284
1.202.246.205,AVAILABILITY,domains.list,2021-07-08 13:33:02.330992
1.203.147.75,AVAILABILITY,domains.list,2021-07-08 13:33:47.586736
1.203.180.144,AVAILABILITY,domains.list,2021-07-08 13:34:07.857456
1.203.191.136,AVAILABILITY,domains.list,2021-07-08 13:34:28.440194
1.203.68.66,AVAILABILITY,domains.list,2021-07-08 13:34:48.783479
1.205.74.18,AVAILABILITY,domains.list,2021-07-08 13:35:08.994296
1.205.75.250,AVAILABILITY,domains.list,2021-07-08 13:35:29.219611
1.206.29.12,AVAILABILITY,domains.list,2021-07-08 13:35:49.383597
1.206.3.206,AVAILABILITY,domains.list,2021-07-08 13:36:09.629219
1.206.33.166,AVAILABILITY,domains.list,2021-07-08 13:36:29.834635
1.206.36.198,AVAILABILITY,domains.list,2021-07-08 13:36:50.202674
1.206.45.17,AVAILABILITY,domains.list,2021-07-08 13:37:10.530457
1.206.59.129,AVAILABILITY,domains.list,2021-07-08 13:37:30.779661
1.207.245.184,AVAILABILITY,domains.list,2021-07-08 13:37:51.057396
1.207.250.101,AVAILABILITY,domains.list,2021-07-08 13:38:11.256680
1.207.250.77,AVAILABILITY,domains.list,2021-07-08 13:38:31.529649
1.207.63.28,AVAILABILITY,domains.list,2021-07-08 13:40:23.838419
1.207.63.8,AVAILABILITY,domains.list,2021-07-08 13:40:43.989971
1.209.110.16,AVAILABILITY,domains.list,2021-07-08 13:41:04.998373
1.209.148.25,AVAILABILITY,domains.list,2021-07-08 13:41:29.419452
1.209.148.34,AVAILABILITY,domains.list,2021-07-08 13:41:50.214372
1.209.148.74,AVAILABILITY,domains.list,2021-07-08 13:42:10.605950
1.209.170.47,AVAILABILITY,domains.list,2021-07-08 13:42:30.989840
1.209.171.4,AVAILABILITY,domains.list,2021-07-08 13:42:51.727090
1.209.180.115,AVAILABILITY,domains.list,2021-07-08 13:43:12.242638
1.209.180.18,AVAILABILITY,domains.list,2021-07-08 13:43:32.866281
1.209.180.24,AVAILABILITY,domains.list,2021-07-08 13:43:53.250709
1.209.180.27,AVAILABILITY,domains.list,2021-07-08 13:44:14.340609
1.209.22.55,AVAILABILITY,domains.list,2021-07-08 13:44:34.726957
1.209.242.21,AVAILABILITY,domains.list,2021-07-08 13:44:55.767980
1.209.31.252,AVAILABILITY,domains.list,2021-07-08 13:45:16.692915
1.21.56.58,AVAILABILITY,domains.list,2021-07-08 13:45:37.188318
1.212.114.58,AVAILABILITY,domains.list,2021-07-08 13:45:57.580986
1.212.114.61,AVAILABILITY,domains.list,2021-07-08 13:46:18.399547
1.212.133.202,AVAILABILITY,domains.list,2021-07-08 13:46:44.100525
1.212.145.171,AVAILABILITY,domains.list,2021-07-08 13:47:04.490966
1.212.157.222,AVAILABILITY,domains.list,2021-07-08 13:47:24.877517
1.212.241.35,AVAILABILITY,domains.list,2021-07-08 13:47:45.485976
1.212.241.37,AVAILABILITY,domains.list,2021-07-08 13:48:05.871610
1.212.246.18,AVAILABILITY,domains.list,2021-07-08 13:48:26.253845
1.213.169.114,AVAILABILITY,domains.list,2021-07-08 13:48:47.058560
1.214.119.227,AVAILABILITY,domains.list,2021-07-08 13:49:07.500028
1.214.119.230,AVAILABILITY,domains.list,2021-07-08 13:49:28.045772
1.214.156.19,AVAILABILITY,domains.list,2021-07-08 13:49:34.282357
1.214.194.50,AVAILABILITY,domains.list,2021-07-08 13:49:54.669302
1.214.208.226,AVAILABILITY,domains.list,2021-07-08 13:50:15.767969
1.214.212.74,AVAILABILITY,domains.list,2021-07-08 13:50:36.521162
1.214.243.122,AVAILABILITY,domains.list,2021-07-08 13:50:57.611697
1.214.34.114,AVAILABILITY,domains.list,2021-07-08 13:51:18.385191
1.214.89.69,AVAILABILITY,domains.list,2021-07-08 13:51:38.761055
1.215.179.93,AVAILABILITY,domains.list,2021-07-08 13:51:59.522599
1.215.195.253,AVAILABILITY,domains.list,2021-07-08 13:52:00.859951
1.215.229.170,AVAILABILITY,domains.list,2021-07-08 13:52:23.176118
1.215.236.27,AVAILABILITY,domains.list,2021-07-08 13:52:43.860571
1.215.253.186,AVAILABILITY,domains.list,2021-07-08 13:53:05.106306
1.217.60.210,AVAILABILITY,domains.list,2021-07-08 13:53:25.655523
1.22.119.34,AVAILABILITY,domains.list,2021-07-08 13:53:52.577891
1.22.156.250,AVAILABILITY,domains.list,2021-07-08 13:54:15.627979
1.22.160.39,AVAILABILITY,domains.list,2021-07-08 13:54:38.206277
1.22.173.141,AVAILABILITY,domains.list,2021-07-08 13:55:08.362922
1.22.234.126,AVAILABILITY,domains.list,2021-07-08 13:57:00.440458
1.22.36.226,AVAILABILITY,domains.list,2021-07-08 13:57:25.035375
1.22.37.86,AVAILABILITY,domains.list,2021-07-08 13:57:47.911345
1.22.91.56,AVAILABILITY,domains.list,2021-07-08 13:58:08.458876
1.220.162.43,AVAILABILITY,domains.list,2021-07-08 13:58:29.451111
1.220.52.30,AVAILABILITY,domains.list,2021-07-08 13:58:50.220800
1.220.74.6,AVAILABILITY,domains.list,2021-07-08 13:59:10.599728
1.221.147.139,AVAILABILITY,domains.list,2021-07-08 13:59:31.040708
1.221.17.228,AVAILABILITY,domains.list,2021-07-08 13:59:51.540763
1.221.192.110,AVAILABILITY,domains.list,2021-07-08 14:00:13.855194
1.221.55.83,AVAILABILITY,domains.list,2021-07-08 14:00:34.670939
1.221.65.172,AVAILABILITY,domains.list,2021-07-08 14:00:55.117907
1.222.101.130,AVAILABILITY,domains.list,2021-07-08 14:01:15.509487
1.222.101.132,AVAILABILITY,domains.list,2021-07-08 14:01:36.602544
1.223.141.58,AVAILABILITY,domains.list,2021-07-08 14:01:58.654318
1.223.21.115,AVAILABILITY,domains.list,2021-07-08 14:02:19.041795
1.223.79.202,AVAILABILITY,domains.list,2021-07-08 14:02:40.929817
1.224.163.20,AVAILABILITY,domains.list,2021-07-08 14:03:04.994013
1.224.163.6,AVAILABILITY,domains.list,2021-07-08 14:03:28.506594
1.224.25.41,AVAILABILITY,domains.list,2021-07-08 14:03:48.941263
1.224.251.8,AVAILABILITY,domains.list,2021-07-08 14:03:50.894822
1.224.53.33,AVAILABILITY,domains.list,2021-07-08 14:04:16.330671
1.226.131.20,AVAILABILITY,domains.list,2021-07-08 14:04:36.977294
1.226.83.155,AVAILABILITY,domains.list,2021-07-08 14:04:58.342203
1.226.83.182,AVAILABILITY,domains.list,2021-07-08 14:05:19.019099
1.226.84.203,AVAILABILITY,domains.list,2021-07-08 14:05:41.100963
1.226.84.60,AVAILABILITY,domains.list,2021-07-08 14:05:43.992052
1.227.120.42,AVAILABILITY,domains.list,2021-07-08 14:06:04.502707
1.227.53.3,AVAILABILITY,domains.list,2021-07-08 14:06:24.828426
1.227.56.162,AVAILABILITY,domains.list,2021-07-08 14:06:45.770595
1.227.98.128,AVAILABILITY,domains.list,2021-07-08 14:07:06.095563
1.228.164.20,AVAILABILITY,domains.list,2021-07-08 14:07:26.482308
1.229.169.206,AVAILABILITY,domains.list,2021-07-08 14:07:47.558071
1.229.241.173,AVAILABILITY,domains.list,2021-07-08 14:08:08.643578
1.23.62.242,AVAILABILITY,domains.list,2021-07-08 14:08:58.273419
1.23.70.42,AVAILABILITY,domains.list,2021-07-08 14:09:31.572583
1.23.70.98,AVAILABILITY,domains.list,2021-07-08 14:09:57.381944
1.230.165.142,AVAILABILITY,domains.list,2021-07-08 14:10:18.082479
1.230.17.38,AVAILABILITY,domains.list,2021-07-08 14:10:38.402228
1.230.237.86,AVAILABILITY,domains.list,2021-07-08 14:10:58.722360
1.230.44.160,AVAILABILITY,domains.list,2021-07-08 14:11:19.043850
1.230.88.235,AVAILABILITY,domains.list,2021-07-08 14:11:39.849444
1.231.100.222,AVAILABILITY,domains.list,2021-07-08 14:13:07.975124
1.231.145.59,AVAILABILITY,domains.list,2021-07-08 14:13:28.469767
1.231.145.6,AVAILABILITY,domains.list,2021-07-08 14:13:48.860912
1.231.198.186,AVAILABILITY,domains.list,2021-07-08 14:14:09.614597
1.231.29.123,AVAILABILITY,domains.list,2021-07-08 14:14:31.176920
1.231.29.68,AVAILABILITY,domains.list,2021-07-08 14:14:51.777547
1.232.166.162,AVAILABILITY,domains.list,2021-07-08 14:15:12.265170
1.232.177.101,AVAILABILITY,domains.list,2021-07-08 14:15:33.137330
1.232.34.242,AVAILABILITY,domains.list,2021-07-08 14:15:53.530094
1.232.56.245,AVAILABILITY,domains.list,2021-07-08 14:16:14.163025
1.233.106.51,AVAILABILITY,domains.list,2021-07-08 14:16:34.649260
1.233.219.92,AVAILABILITY,domains.list,2021-07-08 14:16:55.087855
1.233.49.233,AVAILABILITY,domains.list,2021-07-08 14:17:15.485356
1.233.89.67,AVAILABILITY,domains.list,2021-07-08 14:17:16.992892
1.233.92.197,AVAILABILITY,domains.list,2021-07-08 14:17:37.493080
1.234.11.146,AVAILABILITY,domains.list,2021-07-08 14:17:57.919914
1.234.134.97,AVAILABILITY,domains.list,2021-07-08 14:18:18.860224
1.234.172.215,AVAILABILITY,domains.list,2021-07-08 14:18:39.451146
1.234.184.92,AVAILABILITY,domains.list,2021-07-08 14:19:00.311296
1.234.19.126,AVAILABILITY,domains.list,2021-07-08 14:19:02.620271
1.234.20.110,AVAILABILITY,domains.list,2021-07-08 14:19:23.783054
1.234.20.164,AVAILABILITY,domains.list,2021-07-08 14:19:47.151469
1.234.20.26,AVAILABILITY,domains.list,2021-07-08 14:20:12.348461
1.234.20.49,AVAILABILITY,domains.list,2021-07-08 14:20:33.144643
1.234.21.115,AVAILABILITY,domains.list,2021-07-08 14:20:54.669370
1.234.22.136,AVAILABILITY,domains.list,2021-07-08 14:21:15.722539
1.234.27.46,AVAILABILITY,domains.list,2021-07-08 14:21:21.870907
1.234.27.47,AVAILABILITY,domains.list,2021-07-08 14:21:24.414450
1.234.27.72,AVAILABILITY,domains.list,2021-07-08 14:21:45.953139
1.234.32.31,AVAILABILITY,domains.list,2021-07-08 14:22:07.515818
1.234.4.14,AVAILABILITY,domains.list,2021-07-08 14:22:09.071800
1.234.45.104,AVAILABILITY,domains.list,2021-07-08 14:22:32.225975
1.234.45.116,AVAILABILITY,domains.list,2021-07-08 14:22:53.539730
1.234.45.178,AVAILABILITY,domains.list,2021-07-08 14:23:14.544405
1.234.45.69,AVAILABILITY,domains.list,2021-07-08 14:23:35.556955
1.234.46.205,AVAILABILITY,domains.list,2021-07-08 14:23:56.769074
1.234.6.102,AVAILABILITY,domains.list,2021-07-08 14:24:18.562123
1.234.6.184,AVAILABILITY,domains.list,2021-07-08 14:24:39.776015
1.234.6.205,AVAILABILITY,domains.list,2021-07-08 14:25:00.632052
1.234.62.166,AVAILABILITY,domains.list,2021-07-08 14:25:21.764119
1.234.62.253,AVAILABILITY,domains.list,2021-07-08 14:25:43.156162
1.234.63.157,AVAILABILITY,domains.list,2021-07-08 14:26:04.519019
1.234.63.171,AVAILABILITY,domains.list,2021-07-08 14:26:26.013476
1.234.63.229,AVAILABILITY,domains.list,2021-07-08 14:26:26.758723
1.234.65.197,AVAILABILITY,domains.list,2021-07-08 14:26:47.428798
1.234.69.90,AVAILABILITY,domains.list,2021-07-08 14:27:08.343224
1.234.7.142,AVAILABILITY,domains.list,2021-07-08 14:27:29.452576
1.234.7.248,AVAILABILITY,domains.list,2021-07-08 14:27:50.873804
1.234.79.121,AVAILABILITY,domains.list,2021-07-08 14:29:28.912152
1.234.79.5,AVAILABILITY,domains.list,2021-07-08 14:29:50.477466
1.234.82.17,AVAILABILITY,domains.list,2021-07-08 14:29:57.405189
1.234.85.29,AVAILABILITY,domains.list,2021-07-08 14:30:29.413985
1.234.89.55,AVAILABILITY,domains.list,2021-07-08 14:30:49.677960
1.234.90.102,AVAILABILITY,domains.list,2021-07-08 14:31:10.687701
1.234.90.107,AVAILABILITY,domains.list,2021-07-08 14:31:31.550684
1.234.90.108,AVAILABILITY,domains.list,2021-07-08 14:31:52.302713
1.234.90.179,AVAILABILITY,domains.list,2021-07-08 14:32:12.677830
1.234.90.191,AVAILABILITY,domains.list,2021-07-08 14:32:33.056737
1.235.106.19,AVAILABILITY,domains.list,2021-07-08 14:32:53.323333
1.235.106.89,AVAILABILITY,domains.list,2021-07-08 14:32:54.180501
1.235.120.19,AVAILABILITY,domains.list,2021-07-08 14:32:54.788152
1.235.166.16,AVAILABILITY,domains.list,2021-07-08 14:33:17.013258
1.235.184.100,AVAILABILITY,domains.list,2021-07-08 14:33:37.395227
1.235.193.150,AVAILABILITY,domains.list,2021-07-08 14:33:38.462619
1.235.197.132,AVAILABILITY,domains.list,2021-07-08 14:33:58.849956
1.235.223.98,AVAILABILITY,domains.list,2021-07-08 14:34:19.357343
1.235.28.170,AVAILABILITY,domains.list,2021-07-08 14:34:40.506695
1.235.46.250,AVAILABILITY,domains.list,2021-07-08 14:35:01.498878
1.235.96.136,AVAILABILITY,domains.list,2021-07-08 14:35:21.988901
1.236.125.180,AVAILABILITY,domains.list,2021-07-08 14:35:42.395405
1.236.162.179,AVAILABILITY,domains.list,2021-07-08 14:36:02.666207
1.236.17.239,AVAILABILITY,domains.list,2021-07-08 14:36:23.054151
1.236.55.186,AVAILABILITY,domains.list,2021-07-08 14:36:23.985739
1.237.113.220,AVAILABILITY,domains.list,2021-07-08 14:36:44.254134
1.237.174.253,AVAILABILITY,domains.list,2021-07-08 14:37:04.871909
1.237.72.74,AVAILABILITY,domains.list,2021-07-08 14:37:25.506035
1.238.209.14,AVAILABILITY,domains.list,2021-07-08 14:37:26.371501
1.238.209.149,AVAILABILITY,domains.list,2021-07-08 14:37:47.144746
1.239.35.88,AVAILABILITY,domains.list,2021-07-08 14:37:52.560814
1.239.43.53,AVAILABILITY,domains.list,2021-07-08 14:38:12.945594
1.24.149.250,AVAILABILITY,domains.list,2021-07-08 14:38:36.534354
1.24.163.253,AVAILABILITY,domains.list,2021-07-08 14:39:00.042952
1.24.165.220,AVAILABILITY,domains.list,2021-07-08 14:39:20.242241
1.24.165.54,AVAILABILITY,domains.list,2021-07-08 14:39:45.606023
1.24.168.114,AVAILABILITY,domains.list,2021-07-08 14:40:05.752333
1.24.217.163,AVAILABILITY,domains.list,2021-07-08 14:40:25.908197
1.24.228.104,AVAILABILITY,domains.list,2021-07-08 14:40:46.127295
1.24.228.174,AVAILABILITY,domains.list,2021-07-08 14:41:06.273765
1.24.230.151,AVAILABILITY,domains.list,2021-07-08 14:41:26.419815
1.24.230.59,AVAILABILITY,domains.list,2021-07-08 14:41:46.569725
1.24.230.92,AVAILABILITY,domains.list,2021-07-08 14:42:06.719856
1.24.247.113,AVAILABILITY,domains.list,2021-07-08 14:42:26.871819
1.240.167.183,AVAILABILITY,domains.list,2021-07-08 14:42:47.327815
1.240.173.137,AVAILABILITY,domains.list,2021-07-08 14:43:07.721169
1.240.173.63,AVAILABILITY,domains.list,2021-07-08 14:43:28.119351
1.241.149.181,AVAILABILITY,domains.list,2021-07-08 14:43:49.009378
1.241.184.143,AVAILABILITY,domains.list,2021-07-08 14:43:50.316132
1.241.229.116,AVAILABILITY,domains.list,2021-07-08 14:44:11.064161
1.242.130.37,AVAILABILITY,domains.list,2021-07-08 14:45:22.758962
1.242.197.166,AVAILABILITY,domains.list,2021-07-08 14:45:23.789485
1.243.113.81,AVAILABILITY,domains.list,2021-07-08 14:45:44.533416
1.243.17.140,AVAILABILITY,domains.list,2021-07-08 14:45:45.439828
1.243.180.88,AVAILABILITY,domains.list,2021-07-08 14:46:05.835828
1.245.161.226,AVAILABILITY,domains.list,2021-07-08 14:46:26.242258
1.245.161.228,AVAILABILITY,domains.list,2021-07-08 14:46:47.076986
1.245.161.229,AVAILABILITY,domains.list,2021-07-08 14:47:07.802740
1.245.203.113,AVAILABILITY,domains.list,2021-07-08 14:47:28.512775
1.245.236.225,AVAILABILITY,domains.list,2021-07-08 14:47:49.075074
1.245.47.98,AVAILABILITY,domains.list,2021-07-08 14:48:09.589949
1.245.51.210,AVAILABILITY,domains.list,2021-07-08 14:48:30.108261
1.245.7.144,AVAILABILITY,domains.list,2021-07-08 14:48:50.371543
1.246.219.216,AVAILABILITY,domains.list,2021-07-08 14:48:54.358336
1.246.228.161,AVAILABILITY,domains.list,2021-07-08 14:49:15.506860
1.246.45.45,AVAILABILITY,domains.list,2021-07-08 14:49:35.906478
1.248.16.244,AVAILABILITY,domains.list,2021-07-08 14:49:59.715826
1.249.35.126,AVAILABILITY,domains.list,2021-07-08 14:50:19.991193
1.249.81.65,AVAILABILITY,domains.list,2021-07-08 14:50:40.569519
1.25.104.143,AVAILABILITY,domains.list,2021-07-08 14:51:00.778063
1.250.212.183,AVAILABILITY,domains.list,2021-07-08 14:51:01.869779
1.250.238.180,AVAILABILITY,domains.list,2021-07-08 14:51:22.150597
1.250.65.90,AVAILABILITY,domains.list,2021-07-08 14:51:42.554352
1.251.169.249,AVAILABILITY,domains.list,2021-07-08 14:52:03.165860
1.251.5.127,AVAILABILITY,domains.list,2021-07-08 14:52:23.833727
1.252.203.8,AVAILABILITY,domains.list,2021-07-08 14:52:25.164339
1.252.64.189,AVAILABILITY,domains.list,2021-07-08 14:52:45.555204
1.253.27.206,AVAILABILITY,domains.list,2021-07-08 14:52:46.462395
1.254.114.134,AVAILABILITY,domains.list,2021-07-08 14:52:47.511010
1.254.15.36,AVAILABILITY,domains.list,2021-07-08 14:53:08.278181
1.255.226.52,AVAILABILITY,domains.list,2021-07-08 14:53:09.759996
1.255.238.184,AVAILABILITY,domains.list,2021-07-08 14:53:15.888497
1.255.51.75,AVAILABILITY,domains.list,2021-07-08 14:53:17.309884
1.255.70.114,AVAILABILITY,domains.list,2021-07-08 14:53:37.845555
1.255.70.123,AVAILABILITY,domains.list,2021-07-08 14:53:58.474960
1.255.70.86,AVAILABILITY,domains.list,2021-07-08 14:54:18.872185
1.255.71.50,AVAILABILITY,domains.list,2021-07-08 14:54:39.267108
1.255.86.241,AVAILABILITY,domains.list,2021-07-08 14:54:59.868378
1.255.86.242,AVAILABILITY,domains.list,2021-07-08 14:55:20.415725
1.255.87.241,AVAILABILITY,domains.list,2021-07-08 14:55:40.812596
1.255.87.242,AVAILABILITY,domains.list,2021-07-08 14:56:01.081966
1.26.59.1,AVAILABILITY,domains.list,2021-07-08 14:56:21.291412
1.26.70.139,AVAILABILITY,domains.list,2021-07-08 14:56:41.445457
1.26.95.59,AVAILABILITY,domains.list,2021-07-08 14:57:01.591800
1.27.132.14,AVAILABILITY,domains.list,2021-07-08 14:57:21.740890
1.27.134.121,AVAILABILITY,domains.list,2021-07-08 14:57:47.155877
1.27.208.242,AVAILABILITY,domains.list,2021-07-08 14:58:07.321580
1.27.209.137,AVAILABILITY,domains.list,2021-07-08 14:58:27.473140
1.27.38.204,AVAILABILITY,domains.list,2021-07-08 14:58:47.677248
1.27.38.226,AVAILABILITY,domains.list,2021-07-08 14:59:13.197899
1.27.39.232,AVAILABILITY,domains.list,2021-07-08 14:59:33.431111
1.28.125.204,AVAILABILITY,domains.list,2021-07-08 14:59:53.684205
1.28.144.22,AVAILABILITY,domains.list,2021-07-08 14:59:56.844352
1.28.2.132,AVAILABILITY,domains.list,2021-07-08 15:00:16.999567
1.28.238.47,AVAILABILITY,domains.list,2021-07-08 15:02:03.459341
1.28.3.127,AVAILABILITY,domains.list,2021-07-08 15:02:23.686588
1.28.8.231,AVAILABILITY,domains.list,2021-07-08 15:02:43.949458
1.28.8.233,AVAILABILITY,domains.list,2021-07-08 15:03:04.114025
1.28.8.239,AVAILABILITY,domains.list,2021-07-08 15:03:24.399812
1.28.80.234,AVAILABILITY,domains.list,2021-07-08 15:03:44.563480
1.28.86.194,AVAILABILITY,domains.list,2021-07-08 15:04:04.912923
1.28.89.152,AVAILABILITY,domains.list,2021-07-08 15:04:25.258419
1.29.110.236,AVAILABILITY,domains.list,2021-07-08 15:04:45.706751
1.29.111.138,AVAILABILITY,domains.list,2021-07-08 15:05:05.984433
1.29.111.195,AVAILABILITY,domains.list,2021-07-08 15:05:26.210447
1.29.111.96,AVAILABILITY,domains.list,2021-07-08 15:05:46.569843
1.29.122.17,AVAILABILITY,domains.list,2021-07-08 15:06:06.796076
1.30.0.140,AVAILABILITY,domains.list,2021-07-08 15:06:27.090769
1.30.0.163,AVAILABILITY,domains.list,2021-07-08 15:06:47.310640
1.30.0.233,AVAILABILITY,domains.list,2021-07-08 15:07:07.676244
1.30.129.141,AVAILABILITY,domains.list,2021-07-08 15:07:27.948759
1.30.140.11,AVAILABILITY,domains.list,2021-07-08 15:07:48.285585
1.30.140.15,AVAILABILITY,domains.list,2021-07-08 15:08:08.560962
1.30.140.200,AVAILABILITY,domains.list,2021-07-08 15:08:28.780372
1.30.140.96,AVAILABILITY,domains.list,2021-07-08 15:08:48.996126
1.30.141.124,AVAILABILITY,domains.list,2021-07-08 15:09:09.213849
1.30.141.175,AVAILABILITY,domains.list,2021-07-08 15:09:29.381929
1.30.141.62,AVAILABILITY,domains.list,2021-07-08 15:09:49.661021
1.30.142.0,AVAILABILITY,domains.list,2021-07-08 15:10:09.878632
1.30.142.198,AVAILABILITY,domains.list,2021-07-08 15:10:30.153519
1.30.142.72,AVAILABILITY,domains.list,2021-07-08 15:10:50.309676
1.30.142.76,AVAILABILITY,domains.list,2021-07-08 15:11:10.591144
1.30.143.113,AVAILABILITY,domains.list,2021-07-08 15:11:30.871690
1.30.144.165,AVAILABILITY,domains.list,2021-07-08 15:11:51.211125
1.30.144.236,AVAILABILITY,domains.list,2021-07-08 15:12:11.541482
1.30.145.104,AVAILABILITY,domains.list,2021-07-08 15:12:31.755647
1.30.145.105,AVAILABILITY,domains.list,2021-07-08 15:12:52.165825
1.30.145.137,AVAILABILITY,domains.list,2021-07-08 15:13:12.389202
1.30.145.19,AVAILABILITY,domains.list,2021-07-08 15:13:32.536803
1.30.146.244,AVAILABILITY,domains.list,2021-07-08 15:13:52.873191
1.30.147.91,AVAILABILITY,domains.list,2021-07-08 15:14:13.103019
1.30.175.52,AVAILABILITY,domains.list,2021-07-08 15:14:33.316246
1.30.196.46,AVAILABILITY,domains.list,2021-07-08 15:14:53.647997
1.30.197.56,AVAILABILITY,domains.list,2021-07-08 15:15:13.872106
1.30.197.66,AVAILABILITY,domains.list,2021-07-08 15:15:34.141688
1.30.2.107,AVAILABILITY,domains.list,2021-07-08 15:15:54.369977
1.30.2.154,AVAILABILITY,domains.list,2021-07-08 15:16:14.601334
1.30.20.146,AVAILABILITY,domains.list,2021-07-08 15:16:34.939187
1.30.20.148,AVAILABILITY,domains.list,2021-07-08 15:16:55.227415
1.30.203.109,AVAILABILITY,domains.list,2021-07-08 15:18:18.794622
1.30.205.120,AVAILABILITY,domains.list,2021-07-08 15:18:39.035956
1.30.205.245,AVAILABILITY,domains.list,2021-07-08 15:18:59.366536
1.30.206.45,AVAILABILITY,domains.list,2021-07-08 15:19:19.684189
1.30.207.232,AVAILABILITY,domains.list,2021-07-08 15:19:40.002210
1.30.207.37,AVAILABILITY,domains.list,2021-07-08 15:20:00.151130
1.30.207.54,AVAILABILITY,domains.list,2021-07-08 15:20:20.352916
1.30.21.82,AVAILABILITY,domains.list,2021-07-08 15:20:40.607850
1.30.210.130,AVAILABILITY,domains.list,2021-07-08 15:21:00.818288
1.30.210.241,AVAILABILITY,domains.list,2021-07-08 15:21:20.972461
1.30.211.0,AVAILABILITY,domains.list,2021-07-08 15:21:41.204478
1.30.211.115,AVAILABILITY,domains.list,2021-07-08 15:22:01.350449
1.30.211.144,AVAILABILITY,domains.list,2021-07-08 15:22:21.563172
1.30.211.207,AVAILABILITY,domains.list,2021-07-08 15:22:41.882559
1.30.211.72,AVAILABILITY,domains.list,2021-07-08 15:23:02.098057
1.30.215.116,AVAILABILITY,domains.list,2021-07-08 15:23:22.258073
1.30.216.197,AVAILABILITY,domains.list,2021-07-08 15:23:42.477987
1.30.218.43,AVAILABILITY,domains.list,2021-07-08 15:24:02.685938
1.30.219.116,AVAILABILITY,domains.list,2021-07-08 15:24:22.894278
1.30.242.21,AVAILABILITY,domains.list,2021-07-08 15:24:43.178669
1.30.242.235,AVAILABILITY,domains.list,2021-07-08 15:25:03.326041
1.30.243.191,AVAILABILITY,domains.list,2021-07-08 15:25:23.600832
1.30.243.69,AVAILABILITY,domains.list,2021-07-08 15:25:43.754598
1.30.3.186,AVAILABILITY,domains.list,2021-07-08 15:26:04.081247
1.30.3.188,AVAILABILITY,domains.list,2021-07-08 15:26:24.367734
1.30.3.58,AVAILABILITY,domains.list,2021-07-08 15:26:44.641749
1.30.68.59,AVAILABILITY,domains.list,2021-07-08 15:27:04.787557
1.30.68.87,AVAILABILITY,domains.list,2021-07-08 15:27:25.004343
1.30.70.247,AVAILABILITY,domains.list,2021-07-08 15:27:45.150202
1.30.71.231,AVAILABILITY,domains.list,2021-07-08 15:28:05.301049
1.31.193.211,AVAILABILITY,domains.list,2021-07-08 15:28:25.451757
1.31.67.15,AVAILABILITY,domains.list,2021-07-08 15:28:45.673556
1.31.67.224,AVAILABILITY,domains.list,2021-07-08 15:29:05.884891
1.31.67.41,AVAILABILITY,domains.list,2021-07-08 15:29:26.097600
1.31.99.20,AVAILABILITY,domains.list,2021-07-08 15:29:46.310150
1.31.99.87,AVAILABILITY,domains.list,2021-07-08 15:30:06.596059
1.32.113.118,AVAILABILITY,domains.list,2021-07-08 15:30:26.927118
1.32.12.230,AVAILABILITY,domains.list,2021-07-08 15:30:47.252907
1.32.192.102,AVAILABILITY,domains.list,2021-07-08 15:31:08.518326
1.32.192.37,AVAILABILITY,domains.list,2021-07-08 15:31:29.872017
1.32.200.100,AVAILABILITY,domains.list,2021-07-08 15:31:51.060041
1.32.37.205,AVAILABILITY,domains.list,2021-07-08 15:32:26.403916
1.32.37.245,AVAILABILITY,domains.list,2021-07-08 15:32:57.976150
1.32.38.76,AVAILABILITY,domains.list,2021-07-08 15:35:21.653046
1.32.46.233,AVAILABILITY,domains.list,2021-07-08 15:35:59.030930
1.32.46.77,AVAILABILITY,domains.list,2021-07-08 15:36:39.583814
1.32.50.4,AVAILABILITY,domains.list,2021-07-08 15:37:14.934512
1.32.50.59,AVAILABILITY,domains.list,2021-07-08 15:37:45.082785
1.32.55.34,AVAILABILITY,domains.list,2021-07-08 15:38:15.919701
1.32.79.125,AVAILABILITY,domains.list,2021-07-08 15:38:36.608618
1.32.96.209,AVAILABILITY,domains.list,2021-07-08 15:38:58.775545
1.45.125.120,AVAILABILITY,domains.list,2021-07-08 15:40:38.990807
1.47.138.209,AVAILABILITY,domains.list,2021-07-08 15:41:04.689620
1.48.162.59,AVAILABILITY,domains.list,2021-07-08 15:41:24.842816
1.48.165.120,AVAILABILITY,domains.list,2021-07-08 15:41:45.001140
1.48.168.78,AVAILABILITY,domains.list,2021-07-08 15:42:05.225174
1.48.169.184,AVAILABILITY,domains.list,2021-07-08 15:42:25.441214
1.48.171.248,AVAILABILITY,domains.list,2021-07-08 15:42:45.598117
1.48.177.171,AVAILABILITY,domains.list,2021-07-08 15:43:05.793908
1.48.44.234,AVAILABILITY,domains.list,2021-07-08 15:43:25.950186
1.48.80.134,AVAILABILITY,domains.list,2021-07-08 15:43:46.154728
1.48.91.142,AVAILABILITY,domains.list,2021-07-08 15:44:11.621097
1.48.91.196,AVAILABILITY,domains.list,2021-07-08 15:44:31.832879
1.49.133.48,AVAILABILITY,domains.list,2021-07-08 15:45:02.691115
1.49.135.180,AVAILABILITY,domains.list,2021-07-08 15:45:22.902138
1.49.151.172,AVAILABILITY,domains.list,2021-07-08 15:45:47.472273
1.49.241.58,AVAILABILITY,domains.list,2021-07-08 15:46:07.743288
1.52.117.125,AVAILABILITY,domains.list,2021-07-08 15:46:27.956406
1.52.12.0,AVAILABILITY,domains.list,2021-07-08 15:46:48.195190
1.52.12.106,AVAILABILITY,domains.list,2021-07-08 15:47:08.426654
1.52.120.15,AVAILABILITY,domains.list,2021-07-08 15:47:28.624416
1.52.120.35,AVAILABILITY,domains.list,2021-07-08 15:47:53.100383
1.52.121.102,AVAILABILITY,domains.list,2021-07-08 15:48:16.804501
1.52.121.133,AVAILABILITY,domains.list,2021-07-08 15:48:36.960367
1.52.121.29,AVAILABILITY,domains.list,2021-07-08 15:48:57.115689
1.52.122.214,AVAILABILITY,domains.list,2021-07-08 15:49:17.398303
1.52.123.120,AVAILABILITY,domains.list,2021-07-08 15:49:37.554747
1.52.123.243,AVAILABILITY,domains.list,2021-07-08 15:49:57.844723
1.52.123.64,AVAILABILITY,domains.list,2021-07-08 15:51:33.458547
1.52.124.252,AVAILABILITY,domains.list,2021-07-08 15:51:53.759282
1.52.125.204,AVAILABILITY,domains.list,2021-07-08 15:52:14.080132
1.52.126.243,AVAILABILITY,domains.list,2021-07-08 15:52:34.441732
1.52.126.65,AVAILABILITY,domains.list,2021-07-08 15:52:54.725517
1.52.126.70,AVAILABILITY,domains.list,2021-07-08 15:53:14.938127
1.52.126.87,AVAILABILITY,domains.list,2021-07-08 15:53:35.234794
1.52.127.26,AVAILABILITY,domains.list,2021-07-08 15:53:55.498984
1.52.153.184,AVAILABILITY,domains.list,2021-07-08 15:54:15.849265
1.52.153.191,AVAILABILITY,domains.list,2021-07-08 15:54:36.137112
1.52.154.224,AVAILABILITY,domains.list,2021-07-08 15:54:56.330969
1.52.157.203,AVAILABILITY,domains.list,2021-07-08 15:55:16.579314
1.52.248.230,AVAILABILITY,domains.list,2021-07-08 15:55:36.879726
1.52.27.23,AVAILABILITY,domains.list,2021-07-08 15:55:57.158393
1.52.27.245,AVAILABILITY,domains.list,2021-07-08 15:56:17.470859
1.52.39.89,AVAILABILITY,domains.list,2021-07-08 15:56:37.685115
1.52.54.208,AVAILABILITY,domains.list,2021-07-08 15:56:57.910801
1.52.76.148,AVAILABILITY,domains.list,2021-07-08 15:57:18.136281
1.52.79.242,AVAILABILITY,domains.list,2021-07-08 15:57:38.478956
1.52.87.240,AVAILABILITY,domains.list,2021-07-08 15:57:58.751059
1.52.96.45,AVAILABILITY,domains.list,2021-07-08 15:58:19.003111
1.52.99.94,AVAILABILITY,domains.list,2021-07-08 15:58:39.269248
1.53.129.203,AVAILABILITY,domains.list,2021-07-08 15:58:46.026224
1.53.14.0,AVAILABILITY,domains.list,2021-07-08 15:59:09.288296
1.53.14.160,AVAILABILITY,domains.list,2021-07-08 15:59:32.459054
1.53.140.221,AVAILABILITY,domains.list,2021-07-08 16:00:02.029416
1.53.15.120,AVAILABILITY,domains.list,2021-07-08 16:00:24.187179
1.53.15.136,AVAILABILITY,domains.list,2021-07-08 16:00:46.836989
1.53.15.139,AVAILABILITY,domains.list,2021-07-08 16:01:09.111039
1.53.15.56,AVAILABILITY,domains.list,2021-07-08 16:01:31.143552
1.53.165.52,AVAILABILITY,domains.list,2021-07-08 16:01:57.772034
1.53.190.123,AVAILABILITY,domains.list,2021-07-08 16:02:00.275430
1.53.212.196,AVAILABILITY,domains.list,2021-07-08 16:02:27.047674
1.53.221.40,AVAILABILITY,domains.list,2021-07-08 16:02:49.136134
1.53.223.146,AVAILABILITY,domains.list,2021-07-08 16:03:15.395617
1.53.37.145,AVAILABILITY,domains.list,2021-07-08 16:03:42.457780
1.53.4.104,AVAILABILITY,domains.list,2021-07-08 16:04:05.517636
1.53.53.220,AVAILABILITY,domains.list,2021-07-08 16:04:27.611244
1.53.67.252,AVAILABILITY,domains.list,2021-07-08 16:04:57.819646
1.53.71.193,AVAILABILITY,domains.list,2021-07-08 16:05:19.999540
1.53.8.40,AVAILABILITY,domains.list,2021-07-08 16:05:42.168576
1.53.92.80,AVAILABILITY,domains.list,2021-07-08 16:06:09.324173
1.53.95.242,AVAILABILITY,domains.list,2021-07-08 16:07:29.610240
1.53.98.130,AVAILABILITY,domains.list,2021-07-08 16:07:52.153539
1.54.10.175,AVAILABILITY,domains.list,2021-07-08 16:08:14.696502
1.54.10.95,AVAILABILITY,domains.list,2021-07-08 16:08:41.404150
1.54.100.214,AVAILABILITY,domains.list,2021-07-08 16:09:08.634592
1.54.103.139,AVAILABILITY,domains.list,2021-07-08 16:09:30.906875
1.54.112.100,AVAILABILITY,domains.list,2021-07-08 16:10:01.554767
1.54.112.20,AVAILABILITY,domains.list,2021-07-08 16:10:27.698426
1.54.112.41,AVAILABILITY,domains.list,2021-07-08 16:10:32.028949
1.54.112.46,AVAILABILITY,domains.list,2021-07-08 16:10:54.353017
1.54.112.48,AVAILABILITY,domains.list,2021-07-08 16:11:20.682511
1.54.112.51,AVAILABILITY,domains.list,2021-07-08 16:11:48.131321
1.54.147.147,AVAILABILITY,domains.list,2021-07-08 16:12:10.380040
1.54.165.23,AVAILABILITY,domains.list,2021-07-08 16:12:37.767480
1.54.165.43,AVAILABILITY,domains.list,2021-07-08 16:13:04.991534
1.54.165.45,AVAILABILITY,domains.list,2021-07-08 16:13:08.390026
1.54.172.194,AVAILABILITY,domains.list,2021-07-08 16:13:35.577155
1.54.181.124,AVAILABILITY,domains.list,2021-07-08 16:13:58.930953
1.54.192.9,AVAILABILITY,domains.list,2021-07-08 16:14:25.204120
1.54.193.84,AVAILABILITY,domains.list,2021-07-08 16:14:48.743821
1.54.195.254,AVAILABILITY,domains.list,2021-07-08 16:15:12.272939
1.54.208.53,AVAILABILITY,domains.list,2021-07-08 16:15:38.482127
1.54.208.81,AVAILABILITY,domains.list,2021-07-08 16:16:00.725895
1.54.212.163,AVAILABILITY,domains.list,2021-07-08 16:16:27.970599
1.54.212.169,AVAILABILITY,domains.list,2021-07-08 16:16:54.195704
1.54.212.187,AVAILABILITY,domains.list,2021-07-08 16:17:16.384919
1.54.214.132,AVAILABILITY,domains.list,2021-07-08 16:17:43.034824
1.54.229.132,AVAILABILITY,domains.list,2021-07-08 16:18:06.293769
1.54.234.78,AVAILABILITY,domains.list,2021-07-08 16:18:28.709916
1.54.243.20,AVAILABILITY,domains.list,2021-07-08 16:18:54.876853
1.54.250.10,AVAILABILITY,domains.list,2021-07-08 16:19:16.460112
1.54.250.69,AVAILABILITY,domains.list,2021-07-08 16:19:37.361569
1.54.29.33,AVAILABILITY,domains.list,2021-07-08 16:20:04.487810
1.54.32.165,AVAILABILITY,domains.list,2021-07-08 16:20:30.962253
1.54.33.125,AVAILABILITY,domains.list,2021-07-08 16:20:53.285936
1.54.65.125,AVAILABILITY,domains.list,2021-07-08 16:21:20.549488
1.54.83.77,AVAILABILITY,domains.list,2021-07-08 16:21:42.981243
1.54.97.188,AVAILABILITY,domains.list,2021-07-08 16:22:10.133935
1.55.100.108,AVAILABILITY,domains.list,2021-07-08 16:22:40.279960
1.55.102.14,AVAILABILITY,domains.list,2021-07-08 16:24:15.148817
1.55.102.24,AVAILABILITY,domains.list,2021-07-08 16:24:50.492201
1.55.127.159,AVAILABILITY,domains.list,2021-07-08 16:25:22.148818
1.55.127.254,AVAILABILITY,domains.list,2021-07-08 16:25:55.775476
1.55.133.37,AVAILABILITY,domains.list,2021-07-08 16:26:25.923576
1.55.133.41,AVAILABILITY,domains.list,2021-07-08 16:27:05.213651
1.55.134.217,AVAILABILITY,domains.list,2021-07-08 16:27:38.826440
1.55.145.220,AVAILABILITY,domains.list,2021-07-08 16:27:59.182381
1.55.164.8,AVAILABILITY,domains.list,2021-07-08 16:28:29.324053
1.55.167.147,AVAILABILITY,domains.list,2021-07-08 16:28:59.472748
1.55.177.129,AVAILABILITY,domains.list,2021-07-08 16:29:34.824315
1.55.181.195,AVAILABILITY,domains.list,2021-07-08 16:30:08.416452
1.55.185.47,AVAILABILITY,domains.list,2021-07-08 16:30:43.769930
1.55.193.37,AVAILABILITY,domains.list,2021-07-08 16:31:19.116201
1.55.223.196,AVAILABILITY,domains.list,2021-07-08 16:31:55.266793
1.55.242.188,AVAILABILITY,domains.list,2021-07-08 16:32:35.822007
1.55.245.42,AVAILABILITY,domains.list,2021-07-08 16:33:11.170401
1.55.249.92,AVAILABILITY,domains.list,2021-07-08 16:33:48.717263
1.55.4.197,AVAILABILITY,domains.list,2021-07-08 16:34:20.250476
1.55.41.191,AVAILABILITY,domains.list,2021-07-08 16:34:50.390688
1.55.43.199,AVAILABILITY,domains.list,2021-07-08 16:35:22.014501
1.55.44.125,AVAILABILITY,domains.list,2021-07-08 16:35:52.156170
1.55.47.253,AVAILABILITY,domains.list,2021-07-08 16:36:23.962404
1.55.49.250,AVAILABILITY,domains.list,2021-07-08 16:36:54.102357
1.55.64.153,AVAILABILITY,domains.list,2021-07-08 16:37:24.249093
1.55.69.146,AVAILABILITY,domains.list,2021-07-08 16:37:59.601628
1.55.74.250,AVAILABILITY,domains.list,2021-07-08 16:38:29.746717
1.55.76.119,AVAILABILITY,domains.list,2021-07-08 16:39:01.476781
1.55.9.98,AVAILABILITY,domains.list,2021-07-08 16:40:50.572677
1.55.98.242,AVAILABILITY,domains.list,2021-07-08 16:41:27.378665
1.56.202.215,AVAILABILITY,domains.list,2021-07-08 16:41:47.591015
1.56.219.46,AVAILABILITY,domains.list,2021-07-08 16:42:07.836243
1.56.220.135,AVAILABILITY,domains.list,2021-07-08 16:42:28.100654
1.57.4.50,AVAILABILITY,domains.list,2021-07-08 16:42:48.389145
1.57.6.221,AVAILABILITY,domains.list,2021-07-08 16:43:08.626367
1.58.104.38,AVAILABILITY,domains.list,2021-07-08 16:43:28.842500
1.58.124.178,AVAILABILITY,domains.list,2021-07-08 16:43:49.012026
1.58.155.178,AVAILABILITY,domains.list,2021-07-08 16:44:09.350622
1.58.168.12,AVAILABILITY,domains.list,2021-07-08 16:44:29.612009
1.58.168.219,AVAILABILITY,domains.list,2021-07-08 16:44:49.892439
1.58.194.92,AVAILABILITY,domains.list,2021-07-08 16:45:10.154093
1.58.21.128,AVAILABILITY,domains.list,2021-07-08 16:45:30.374471
1.58.238.172,AVAILABILITY,domains.list,2021-07-08 16:45:50.600513
1.58.238.249,AVAILABILITY,domains.list,2021-07-08 16:46:10.752052
1.58.32.131,AVAILABILITY,domains.list,2021-07-08 16:46:31.024835
1.58.70.178,AVAILABILITY,domains.list,2021-07-08 16:46:51.235804
1.58.94.105,AVAILABILITY,domains.list,2021-07-08 16:47:11.392284
1.58.94.228,AVAILABILITY,domains.list,2021-07-08 16:47:31.614600
1.58.94.247,AVAILABILITY,domains.list,2021-07-08 16:47:52.108965
1.59.49.227,AVAILABILITY,domains.list,2021-07-08 16:48:12.322794
1.59.55.187,AVAILABILITY,domains.list,2021-07-08 16:48:32.485430
1.59.74.9,AVAILABILITY,domains.list,2021-07-08 16:48:52.765992
1.59.93.74,AVAILABILITY,domains.list,2021-07-08 16:49:12.990968
1.60.204.233,AVAILABILITY,domains.list,2021-07-08 16:49:33.151382
1.60.205.14,AVAILABILITY,domains.list,2021-07-08 16:49:53.366660
1.60.206.136,AVAILABILITY,domains.list,2021-07-08 16:50:13.643742
1.61.128.170,AVAILABILITY,domains.list,2021-07-08 16:50:34.016386
1.61.128.235,AVAILABILITY,domains.list,2021-07-08 16:50:54.215041
1.61.129.185,AVAILABILITY,domains.list,2021-07-08 16:51:14.369797
1.61.131.221,AVAILABILITY,domains.list,2021-07-08 16:51:34.598045
1.61.131.227,AVAILABILITY,domains.list,2021-07-08 16:51:54.924476
1.61.174.187,AVAILABILITY,domains.list,2021-07-08 16:52:15.131711
1.61.174.27,AVAILABILITY,domains.list,2021-07-08 16:52:35.342459
1.61.175.73,AVAILABILITY,domains.list,2021-07-08 16:52:55.558258
1.61.5.177,AVAILABILITY,domains.list,2021-07-08 16:53:15.856182
1.62.10.73,AVAILABILITY,domains.list,2021-07-08 16:53:43.718523
1.62.102.160,AVAILABILITY,domains.list,2021-07-08 16:54:12.055913
1.62.102.36,AVAILABILITY,domains.list,2021-07-08 16:54:43.786749
1.62.124.156,AVAILABILITY,domains.list,2021-07-08 16:55:19.142871
1.62.124.5,AVAILABILITY,domains.list,2021-07-08 16:57:35.277253
1.62.130.51,AVAILABILITY,domains.list,2021-07-08 16:58:10.641074
1.62.135.214,AVAILABILITY,domains.list,2021-07-08 16:58:43.325347
1.62.136.218,AVAILABILITY,domains.list,2021-07-08 16:59:19.945345
1.62.141.89,AVAILABILITY,domains.list,2021-07-08 16:59:52.562893
1.62.148.79,AVAILABILITY,domains.list,2021-07-08 17:00:29.174505
1.62.155.148,AVAILABILITY,domains.list,2021-07-08 17:00:59.320695
1.62.156.60,AVAILABILITY,domains.list,2021-07-08 17:01:35.933549
1.62.179.30,AVAILABILITY,domains.list,2021-07-08 17:02:06.077807
1.62.187.13,AVAILABILITY,domains.list,2021-07-08 17:02:38.716730
1.62.21.52,AVAILABILITY,domains.list,2021-07-08 17:03:10.145020
1.62.225.166,AVAILABILITY,domains.list,2021-07-08 17:03:45.498072
1.62.249.247,AVAILABILITY,domains.list,2021-07-08 17:04:24.500030
1.62.253.11,AVAILABILITY,domains.list,2021-07-08 17:05:05.056561
1.62.67.209,AVAILABILITY,domains.list,2021-07-08 17:05:37.739360
1.62.67.63,AVAILABILITY,domains.list,2021-07-08 17:06:09.163276
1.62.7.138,AVAILABILITY,domains.list,2021-07-08 17:06:44.515633
1.62.73.151,AVAILABILITY,domains.list,2021-07-08 17:07:19.866086
1.62.73.217,AVAILABILITY,domains.list,2021-07-08 17:07:50.007630
1.63.193.181,AVAILABILITY,domains.list,2021-07-08 17:08:10.162821
1.68.225.247,AVAILABILITY,domains.list,2021-07-08 17:08:48.447030
1.69.137.63,AVAILABILITY,domains.list,2021-07-08 17:09:08.597288
1.69.137.64,AVAILABILITY,domains.list,2021-07-08 17:09:28.759318
1.69.140.135,AVAILABILITY,domains.list,2021-07-08 17:09:48.978463
1.69.141.52,AVAILABILITY,domains.list,2021-07-08 17:10:09.205453
1.69.177.192,AVAILABILITY,domains.list,2021-07-08 17:10:29.417290
1.69.178.157,AVAILABILITY,domains.list,2021-07-08 17:10:49.577475
1.69.183.69,AVAILABILITY,domains.list,2021-07-08 17:11:09.787917
1.71.129.203,AVAILABILITY,domains.list,2021-07-08 17:11:35.161478
1.82.144.2,AVAILABILITY,domains.list,2021-07-08 17:11:46.142326
1.82.144.73,AVAILABILITY,domains.list,2021-07-08 17:12:21.505569
1.82.219.83,AVAILABILITY,domains.list,2021-07-08 17:14:04.139989
1.82.230.35,AVAILABILITY,domains.list,2021-07-08 17:14:36.017915
1.82.245.28,AVAILABILITY,domains.list,2021-07-08 17:15:11.382490
1.82.253.20,AVAILABILITY,domains.list,2021-07-08 17:15:46.737898
1.82.55.54,AVAILABILITY,domains.list,2021-07-08 17:16:16.885379
1.83.115.49,AVAILABILITY,domains.list,2021-07-08 17:16:57.448505
1.83.120.162,AVAILABILITY,domains.list,2021-07-08 17:17:32.798099
1.83.54.225,AVAILABILITY,domains.list,2021-07-08 17:18:02.937780
1.83.55.199,AVAILABILITY,domains.list,2021-07-08 17:18:33.139648
1.83.55.202,AVAILABILITY,domains.list,2021-07-08 17:19:03.284668
1.83.76.122,AVAILABILITY,domains.list,2021-07-08 17:19:41.649764
1.83.77.89,AVAILABILITY,domains.list,2021-07-08 17:20:22.199148
1.84.136.74,AVAILABILITY,domains.list,2021-07-08 17:20:55.367550
1.84.137.180,AVAILABILITY,domains.list,2021-07-08 17:21:35.921390
1.84.232.140,AVAILABILITY,domains.list,2021-07-08 17:22:06.070068
1.84.235.208,AVAILABILITY,domains.list,2021-07-08 17:22:46.633673
1.85.10.186,AVAILABILITY,domains.list,2021-07-08 17:23:26.343952
1.85.105.112,AVAILABILITY,domains.list,2021-07-08 17:23:56.258006
1.85.11.244,AVAILABILITY,domains.list,2021-07-08 17:24:26.398270
1.85.11.245,AVAILABILITY,domains.list,2021-07-08 17:24:56.541708
1.85.11.246,AVAILABILITY,domains.list,2021-07-08 17:25:27.764877
1.85.14.86,AVAILABILITY,domains.list,2021-07-08 17:26:00.920654
1.85.17.82,AVAILABILITY,domains.list,2021-07-08 17:26:41.604663
1.85.18.86,AVAILABILITY,domains.list,2021-07-08 17:27:11.791825
1.85.18.87,AVAILABILITY,domains.list,2021-07-08 17:27:41.941157
1.85.18.88,AVAILABILITY,domains.list,2021-07-08 17:28:12.102382
1.85.2.226,AVAILABILITY,domains.list,2021-07-08 17:28:55.976479
1.85.2.78,AVAILABILITY,domains.list,2021-07-08 17:30:30.375993
1.85.21.39,AVAILABILITY,domains.list,2021-07-08 17:31:27.250067
1.85.219.221,AVAILABILITY,domains.list,2021-07-08 17:32:02.598324
1.85.32.66,AVAILABILITY,domains.list,2021-07-08 17:32:43.311949
1.85.33.230,AVAILABILITY,domains.list,2021-07-08 17:33:23.870782
1.85.36.100,AVAILABILITY,domains.list,2021-07-08 17:33:54.014422
1.85.36.90,AVAILABILITY,domains.list,2021-07-08 17:34:24.161069
1.85.37.136,AVAILABILITY,domains.list,2021-07-08 17:34:54.309633
1.85.4.208,AVAILABILITY,domains.list,2021-07-08 17:35:29.657711
1.85.44.222,AVAILABILITY,domains.list,2021-07-08 17:35:40.671168
1.85.53.14,AVAILABILITY,domains.list,2021-07-08 17:36:10.817489
1.85.57.94,AVAILABILITY,domains.list,2021-07-08 17:36:41.028961
1.85.62.39,AVAILABILITY,domains.list,2021-07-08 17:37:11.178345
1.85.7.26,AVAILABILITY,domains.list,2021-07-08 17:37:46.529373
1.85.9.126,AVAILABILITY,domains.list,2021-07-08 17:38:21.883529
1.85.9.174,AVAILABILITY,domains.list,2021-07-08 17:38:57.248014
1.87.192.141,AVAILABILITY,domains.list,2021-07-08 17:39:37.809850
1.9.0.195,AVAILABILITY,domains.list,2021-07-08 17:39:58.184259
1.9.124.153,AVAILABILITY,domains.list,2021-07-08 17:40:22.286105
1.9.124.156,AVAILABILITY,domains.list,2021-07-08 17:40:43.136083
1.9.124.235,AVAILABILITY,domains.list,2021-07-08 17:41:03.983964
1.9.134.210,AVAILABILITY,domains.list,2021-07-08 17:41:27.269607
1.9.138.178,AVAILABILITY,domains.list,2021-07-08 17:41:48.099711
1.9.139.32,AVAILABILITY,domains.list,2021-07-08 17:42:09.233852
1.9.139.33,AVAILABILITY,domains.list,2021-07-08 17:42:29.668014
1.9.150.194,AVAILABILITY,domains.list,2021-07-08 17:42:50.498122
1.9.150.91,AVAILABILITY,domains.list,2021-07-08 17:43:11.277932
1.9.174.249,AVAILABILITY,domains.list,2021-07-08 17:43:31.967729
1.9.196.115,AVAILABILITY,domains.list,2021-07-08 17:43:53.643276
1.9.21.100,AVAILABILITY,domains.list,2021-07-08 17:44:13.982746
1.9.26.62,AVAILABILITY,domains.list,2021-07-08 17:44:39.343782
1.9.30.250,AVAILABILITY,domains.list,2021-07-08 17:44:59.719711
1.9.33.9,AVAILABILITY,domains.list,2021-07-08 17:46:11.302965
1.9.71.2,AVAILABILITY,domains.list,2021-07-08 17:46:19.230430
1.9.79.191,AVAILABILITY,domains.list,2021-07-08 17:46:39.945096
1.9.79.193,AVAILABILITY,domains.list,2021-07-08 17:47:05.641244
1.93.129.142,AVAILABILITY,domains.list,2021-07-08 17:47:25.855190
1.93.129.143,AVAILABILITY,domains.list,2021-07-08 17:47:46.011206
1.93.129.40,AVAILABILITY,domains.list,2021-07-08 17:48:06.183312
1.93.129.5,AVAILABILITY,domains.list,2021-07-08 17:48:26.343053
1.93.129.6,AVAILABILITY,domains.list,2021-07-08 17:48:46.565048
1.93.129.70,AVAILABILITY,domains.list,2021-07-08 17:49:06.783764
1.93.129.73,AVAILABILITY,domains.list,2021-07-08 17:49:26.938971
1.93.16.11,AVAILABILITY,domains.list,2021-07-08 17:49:47.106317
1.93.16.186,AVAILABILITY,domains.list,2021-07-08 17:50:07.274935
1.93.16.219,AVAILABILITY,domains.list,2021-07-08 17:50:27.550445
1.93.18.23,AVAILABILITY,domains.list,2021-07-08 17:50:47.772534
1.93.19.217,AVAILABILITY,domains.list,2021-07-08 17:51:07.994253
1.93.23.118,AVAILABILITY,domains.list,2021-07-08 17:51:33.357877
1.93.23.52,AVAILABILITY,domains.list,2021-07-08 17:51:53.532110
1.93.24.12,AVAILABILITY,domains.list,2021-07-08 17:52:13.693290
1.93.24.13,AVAILABILITY,domains.list,2021-07-08 17:52:33.859641
1.93.24.17,AVAILABILITY,domains.list,2021-07-08 17:52:54.096321
1.93.24.19,AVAILABILITY,domains.list,2021-07-08 17:53:14.319555
1.93.24.62,AVAILABILITY,domains.list,2021-07-08 17:53:34.557680
1.93.24.72,AVAILABILITY,domains.list,2021-07-08 17:53:54.775227
1.93.24.74,AVAILABILITY,domains.list,2021-07-08 17:54:15.063605
1.93.24.83,AVAILABILITY,domains.list,2021-07-08 17:54:35.282772
1.93.24.85,AVAILABILITY,domains.list,2021-07-08 17:54:55.443186
1.93.24.90,AVAILABILITY,domains.list,2021-07-08 17:55:15.603799
1.93.25.102,AVAILABILITY,domains.list,2021-07-08 17:55:35.778679
1.93.25.153,AVAILABILITY,domains.list,2021-07-08 17:55:55.979992
1.93.25.165,AVAILABILITY,domains.list,2021-07-08 17:56:16.206706
1.93.25.234,AVAILABILITY,domains.list,2021-07-08 17:56:36.447049
1.93.25.251,AVAILABILITY,domains.list,2021-07-08 17:56:56.725036
1.93.25.253,AVAILABILITY,domains.list,2021-07-08 17:57:16.878887
1.93.25.33,AVAILABILITY,domains.list,2021-07-08 17:57:37.156326
1.93.25.63,AVAILABILITY,domains.list,2021-07-08 17:57:57.399077
1.93.26.10,AVAILABILITY,domains.list,2021-07-08 17:58:17.559283
1.93.26.109,AVAILABILITY,domains.list,2021-07-08 17:58:37.772586
1.93.26.11,AVAILABILITY,domains.list,2021-07-08 17:58:57.984842
1.93.26.130,AVAILABILITY,domains.list,2021-07-08 17:59:18.144156
1.93.26.149,AVAILABILITY,domains.list,2021-07-08 17:59:38.354490
1.93.26.15,AVAILABILITY,domains.list,2021-07-08 17:59:58.549185
1.93.26.156,AVAILABILITY,domains.list,2021-07-08 18:00:18.819368
1.93.26.17,AVAILABILITY,domains.list,2021-07-08 18:00:39.115138
1.93.26.196,AVAILABILITY,domains.list,2021-07-08 18:00:59.341177
1.93.26.210,AVAILABILITY,domains.list,2021-07-08 18:01:19.575335
1.93.26.26,AVAILABILITY,domains.list,2021-07-08 18:02:53.968860
1.93.26.32,AVAILABILITY,domains.list,2021-07-08 18:03:14.339719
1.93.26.70,AVAILABILITY,domains.list,2021-07-08 18:03:34.503021
1.93.27.10,AVAILABILITY,domains.list,2021-07-08 18:03:54.731920
1.93.27.33,AVAILABILITY,domains.list,2021-07-08 18:04:14.944211
1.93.27.45,AVAILABILITY,domains.list,2021-07-08 18:04:35.233901
1.93.27.46,AVAILABILITY,domains.list,2021-07-08 18:04:55.458135
1.93.28.143,AVAILABILITY,domains.list,2021-07-08 18:05:15.815793
1.93.28.144,AVAILABILITY,domains.list,2021-07-08 18:05:36.266256
1.93.28.145,AVAILABILITY,domains.list,2021-07-08 18:05:56.528985
1.93.28.245,AVAILABILITY,domains.list,2021-07-08 18:06:16.758167
1.93.29.122,AVAILABILITY,domains.list,2021-07-08 18:06:36.911511
1.93.29.128,AVAILABILITY,domains.list,2021-07-08 18:06:57.200351
1.93.29.129,AVAILABILITY,domains.list,2021-07-08 18:07:17.354907
1.93.29.13,AVAILABILITY,domains.list,2021-07-08 18:07:37.509573
1.93.29.130,AVAILABILITY,domains.list,2021-07-08 18:08:02.994247
1.93.29.132,AVAILABILITY,domains.list,2021-07-08 18:08:23.396156
1.93.29.133,AVAILABILITY,domains.list,2021-07-08 18:08:43.611793
1.93.29.135,AVAILABILITY,domains.list,2021-07-08 18:09:03.829210
1.93.29.136,AVAILABILITY,domains.list,2021-07-08 18:09:23.987513
1.93.29.137,AVAILABILITY,domains.list,2021-07-08 18:09:44.207181
1.93.29.147,AVAILABILITY,domains.list,2021-07-08 18:10:04.367244
1.93.29.148,AVAILABILITY,domains.list,2021-07-08 18:10:24.519409
1.93.29.149,AVAILABILITY,domains.list,2021-07-08 18:10:44.728131
1.93.29.150,AVAILABILITY,domains.list,2021-07-08 18:11:04.953766
1.93.29.151,AVAILABILITY,domains.list,2021-07-08 18:11:25.126072
1.93.29.152,AVAILABILITY,domains.list,2021-07-08 18:11:45.351642
1.93.29.16,AVAILABILITY,domains.list,2021-07-08 18:12:05.514576
1.93.29.165,AVAILABILITY,domains.list,2021-07-08 18:12:25.810341
1.93.29.174,AVAILABILITY,domains.list,2021-07-08 18:12:45.979540
1.93.29.180,AVAILABILITY,domains.list,2021-07-08 18:13:06.142728
1.93.29.184,AVAILABILITY,domains.list,2021-07-08 18:13:26.293776
1.93.29.19,AVAILABILITY,domains.list,2021-07-08 18:13:46.511527
1.93.29.2,AVAILABILITY,domains.list,2021-07-08 18:14:06.738628
1.93.29.42,AVAILABILITY,domains.list,2021-07-08 18:14:26.901040
1.93.29.59,AVAILABILITY,domains.list,2021-07-08 18:14:47.120815
1.93.29.75,AVAILABILITY,domains.list,2021-07-08 18:15:07.284473
1.93.29.78,AVAILABILITY,domains.list,2021-07-08 18:15:27.443937
1.93.29.79,AVAILABILITY,domains.list,2021-07-08 18:15:52.871965
1.93.30.186,AVAILABILITY,domains.list,2021-07-08 18:16:13.266706
1.93.30.188,AVAILABILITY,domains.list,2021-07-08 18:16:33.489605
1.93.30.190,AVAILABILITY,domains.list,2021-07-08 18:16:58.976489
1.93.30.192,AVAILABILITY,domains.list,2021-07-08 18:17:19.191741
1.93.30.194,AVAILABILITY,domains.list,2021-07-08 18:17:39.408711
1.93.30.195,AVAILABILITY,domains.list,2021-07-08 18:19:17.825510
1.93.30.197,AVAILABILITY,domains.list,2021-07-08 18:19:38.231597
1.93.30.212,AVAILABILITY,domains.list,2021-07-08 18:19:58.540891
1.93.30.223,AVAILABILITY,domains.list,2021-07-08 18:20:18.758455
1.93.30.252,AVAILABILITY,domains.list,2021-07-08 18:20:39.045447
1.93.32.171,AVAILABILITY,domains.list,2021-07-08 18:20:59.591912
1.93.32.185,AVAILABILITY,domains.list,2021-07-08 18:21:20.000005
1.93.32.212,AVAILABILITY,domains.list,2021-07-08 18:21:40.333329
1.93.32.234,AVAILABILITY,domains.list,2021-07-08 18:22:00.599595
1.93.32.251,AVAILABILITY,domains.list,2021-07-08 18:22:20.883250
1.93.33.2,AVAILABILITY,domains.list,2021-07-08 18:22:41.162807
1.93.33.222,AVAILABILITY,domains.list,2021-07-08 18:23:01.455100
1.93.33.226,AVAILABILITY,domains.list,2021-07-08 18:23:21.942741
1.93.33.227,AVAILABILITY,domains.list,2021-07-08 18:23:42.276245
1.93.33.43,AVAILABILITY,domains.list,2021-07-08 18:24:02.502169
1.93.33.47,AVAILABILITY,domains.list,2021-07-08 18:24:22.952674
1.93.33.48,AVAILABILITY,domains.list,2021-07-08 18:24:43.328785
1.93.33.59,AVAILABILITY,domains.list,2021-07-08 18:25:03.535707
1.93.33.64,AVAILABILITY,domains.list,2021-07-08 18:25:23.878590
1.93.34.13,AVAILABILITY,domains.list,2021-07-08 18:25:44.241392
1.93.34.210,AVAILABILITY,domains.list,2021-07-08 18:26:04.588294
1.93.34.211,AVAILABILITY,domains.list,2021-07-08 18:26:24.962677
1.93.34.213,AVAILABILITY,domains.list,2021-07-08 18:26:45.243028
1.93.34.214,AVAILABILITY,domains.list,2021-07-08 18:27:05.690818
1.93.34.216,AVAILABILITY,domains.list,2021-07-08 18:27:26.093106
1.93.34.218,AVAILABILITY,domains.list,2021-07-08 18:27:46.399287
1.93.34.219,AVAILABILITY,domains.list,2021-07-08 18:28:06.734353
1.93.34.221,AVAILABILITY,domains.list,2021-07-08 18:28:26.941736
1.93.34.222,AVAILABILITY,domains.list,2021-07-08 18:28:47.419217
1.93.34.223,AVAILABILITY,domains.list,2021-07-08 18:29:07.762373
1.93.34.224,AVAILABILITY,domains.list,2021-07-08 18:29:28.064723
1.93.34.226,AVAILABILITY,domains.list,2021-07-08 18:29:48.388623
1.93.34.228,AVAILABILITY,domains.list,2021-07-08 18:30:08.738367
1.93.34.230,AVAILABILITY,domains.list,2021-07-08 18:30:29.047312
1.93.34.231,AVAILABILITY,domains.list,2021-07-08 18:30:49.323203
1.93.34.233,AVAILABILITY,domains.list,2021-07-08 18:31:09.719429
1.93.34.234,AVAILABILITY,domains.list,2021-07-08 18:31:30.025066
1.93.34.235,AVAILABILITY,domains.list,2021-07-08 18:31:50.334257
1.93.34.236,AVAILABILITY,domains.list,2021-07-08 18:32:10.635123
1.93.34.237,AVAILABILITY,domains.list,2021-07-08 18:32:30.857765
1.93.34.238,AVAILABILITY,domains.list,2021-07-08 18:32:51.084764
1.93.34.243,AVAILABILITY,domains.list,2021-07-08 18:33:11.405192
1.93.37.141,AVAILABILITY,domains.list,2021-07-08 18:33:31.759377
1.93.37.212,AVAILABILITY,domains.list,2021-07-08 18:33:52.039512
1.93.37.213,AVAILABILITY,domains.list,2021-07-08 18:35:35.241300
1.93.37.214,AVAILABILITY,domains.list,2021-07-08 18:35:55.467103
1.93.37.215,AVAILABILITY,domains.list,2021-07-08 18:36:15.838140
1.93.37.216,AVAILABILITY,domains.list,2021-07-08 18:36:36.061142
1.93.37.228,AVAILABILITY,domains.list,2021-07-08 18:36:56.315284
1.93.37.229,AVAILABILITY,domains.list,2021-07-08 18:37:16.737195
1.93.37.230,AVAILABILITY,domains.list,2021-07-08 18:37:36.947329
1.93.37.231,AVAILABILITY,domains.list,2021-07-08 18:37:57.221100
1.93.39.147,AVAILABILITY,domains.list,2021-07-08 18:38:17.443181
1.93.39.196,AVAILABILITY,domains.list,2021-07-08 18:38:37.803020
1.93.40.137,AVAILABILITY,domains.list,2021-07-08 18:38:58.127024
1.93.49.226,AVAILABILITY,domains.list,2021-07-08 18:39:18.415413
1.93.51.221,AVAILABILITY,domains.list,2021-07-08 18:39:38.643861
1.93.59.188,AVAILABILITY,domains.list,2021-07-08 18:39:58.833038
1.93.59.194,AVAILABILITY,domains.list,2021-07-08 18:40:19.209340
1.93.6.36,AVAILABILITY,domains.list,2021-07-08 18:40:39.475996
1.93.62.131,AVAILABILITY,domains.list,2021-07-08 18:40:59.682830
1.93.65.90,AVAILABILITY,domains.list,2021-07-08 18:41:19.856994
101.0.52.29,AVAILABILITY,domains.list,2021-07-08 18:41:53.576488
101.0.58.180,AVAILABILITY,domains.list,2021-07-08 18:42:26.802926
101.0.62.26,AVAILABILITY,domains.list,2021-07-08 18:42:56.953473
101.1.17.70,AVAILABILITY,domains.list,2021-07-08 18:43:18.298846
101.1.17.71,AVAILABILITY,domains.list,2021-07-08 18:43:38.592694
101.1.18.13,AVAILABILITY,domains.list,2021-07-08 18:43:58.983205
101.1.25.3,AVAILABILITY,domains.list,2021-07-08 18:44:19.218393
101.1.27.101,AVAILABILITY,domains.list,2021-07-08 18:44:39.481281
101.1.27.158,AVAILABILITY,domains.list,2021-07-08 18:44:59.654500
101.1.3.116,AVAILABILITY,domains.list,2021-07-08 18:45:19.946887
101.100.164.234,AVAILABILITY,domains.list,2021-07-08 18:45:42.212532
101.100.175.112,AVAILABILITY,domains.list,2021-07-08 18:46:06.328275
101.100.183.238,AVAILABILITY,domains.list,2021-07-08 18:46:30.271208
101.102.197.181,AVAILABILITY,domains.list,2021-07-08 18:46:53.479926
101.124.68.78,AVAILABILITY,domains.list,2021-07-08 18:51:48.354455
101.124.72.110,AVAILABILITY,domains.list,2021-07-08 18:52:08.659119
101.124.72.111,AVAILABILITY,domains.list,2021-07-08 18:52:28.809965
101.124.9.159,AVAILABILITY,domains.list,2021-07-08 18:52:48.985748
101.127.111.49,AVAILABILITY,domains.list,2021-07-08 18:53:10.005326
101.127.19.139,AVAILABILITY,domains.list,2021-07-08 18:53:30.798963
101.127.243.66,AVAILABILITY,domains.list,2021-07-08 18:53:51.663105
101.127.85.143,AVAILABILITY,domains.list,2021-07-08 18:54:12.662196
101.132.37.69,AVAILABILITY,domains.list,2021-07-08 18:54:15.068534
101.16.137.168,AVAILABILITY,domains.list,2021-07-08 18:54:38.710697
101.16.142.91,AVAILABILITY,domains.list,2021-07-08 18:55:04.078236
101.16.143.243,AVAILABILITY,domains.list,2021-07-08 18:55:24.289151
101.16.145.223,AVAILABILITY,domains.list,2021-07-08 18:55:44.571131
101.16.155.218,AVAILABILITY,domains.list,2021-07-08 18:56:04.791269
101.16.167.118,AVAILABILITY,domains.list,2021-07-08 18:56:24.960189
101.16.196.184,AVAILABILITY,domains.list,2021-07-08 18:56:45.188341
101.16.201.155,AVAILABILITY,domains.list,2021-07-08 18:57:05.408845
101.16.238.35,AVAILABILITY,domains.list,2021-07-08 18:57:25.642241
101.16.64.157,AVAILABILITY,domains.list,2021-07-08 18:57:45.799096
101.17.180.198,AVAILABILITY,domains.list,2021-07-08 18:58:28.754908
101.17.254.237,AVAILABILITY,domains.list,2021-07-08 18:58:48.963297
101.17.46.79,AVAILABILITY,domains.list,2021-07-08 18:59:09.175980
101.17.9.115,AVAILABILITY,domains.list,2021-07-08 18:59:30.967699
101.172.0.16,AVAILABILITY,domains.list,2021-07-08 18:59:51.759306
101.178.133.241,AVAILABILITY,domains.list,2021-07-08 19:00:28.707090
101.178.239.112,AVAILABILITY,domains.list,2021-07-08 19:00:50.140275
101.178.35.206,AVAILABILITY,domains.list,2021-07-08 19:01:15.433246
101.178.39.166,AVAILABILITY,domains.list,2021-07-08 19:01:39.836310
101.178.53.122,AVAILABILITY,domains.list,2021-07-08 19:02:04.764694
101.178.90.131,AVAILABILITY,domains.list,2021-07-08 19:02:25.702634
101.187.109.172,AVAILABILITY,domains.list,2021-07-08 19:02:50.806486
101.187.110.152,AVAILABILITY,domains.list,2021-07-08 19:03:11.592291
101.187.127.244,AVAILABILITY,domains.list,2021-07-08 19:03:33.123913
101.187.139.190,AVAILABILITY,domains.list,2021-07-08 19:03:54.016771
101.187.154.94,AVAILABILITY,domains.list,2021-07-08 19:04:14.316083
101.19.5.0,AVAILABILITY,domains.list,2021-07-08 19:04:38.147955
101.198.153.42,AVAILABILITY,domains.list,2021-07-08 19:05:00.083166
101.198.159.31,AVAILABILITY,domains.list,2021-07-08 19:05:20.960421
101.2.165.60,AVAILABILITY,domains.list,2021-07-08 19:05:42.358181
101.2.175.185,AVAILABILITY,domains.list,2021-07-08 19:06:02.706639
101.20.102.131,AVAILABILITY,domains.list,2021-07-08 19:06:22.924484
101.20.117.40,AVAILABILITY,domains.list,2021-07-08 19:08:08.796428
101.20.119.56,AVAILABILITY,domains.list,2021-07-08 19:08:29.086905
101.20.139.211,AVAILABILITY,domains.list,2021-07-08 19:08:49.384763
101.20.140.252,AVAILABILITY,domains.list,2021-07-08 19:09:09.628016
101.20.146.209,AVAILABILITY,domains.list,2021-07-08 19:09:29.911257
101.20.151.161,AVAILABILITY,domains.list,2021-07-08 19:09:50.143109
101.20.16.174,AVAILABILITY,domains.list,2021-07-08 19:10:10.422387
101.20.16.229,AVAILABILITY,domains.list,2021-07-08 19:10:30.757768
101.20.2.17,AVAILABILITY,domains.list,2021-07-08 19:10:51.039184
101.20.208.24,AVAILABILITY,domains.list,2021-07-08 19:11:11.319958
101.20.210.92,AVAILABILITY,domains.list,2021-07-08 19:11:31.659805
101.20.215.213,AVAILABILITY,domains.list,2021-07-08 19:11:51.969025
101.20.215.40,AVAILABILITY,domains.list,2021-07-08 19:12:12.126877
101.20.231.73,AVAILABILITY,domains.list,2021-07-08 19:12:32.617818
101.20.44.80,AVAILABILITY,domains.list,2021-07-08 19:12:52.854732
101.20.9.229,AVAILABILITY,domains.list,2021-07-08 19:13:13.250457
101.20.99.241,AVAILABILITY,domains.list,2021-07-08 19:13:33.481476
101.200.0.68,AVAILABILITY,domains.list,2021-07-08 19:13:53.837252
101.200.1.75,AVAILABILITY,domains.list,2021-07-08 19:14:14.463402
101.200.124.183,AVAILABILITY,domains.list,2021-07-08 19:14:18.839123
101.200.125.162,AVAILABILITY,domains.list,2021-07-08 19:14:22.324984
101.200.127.50,AVAILABILITY,domains.list,2021-07-08 19:14:44.830449
101.200.130.202,AVAILABILITY,domains.list,2021-07-08 19:15:06.410659
101.200.139.74,AVAILABILITY,domains.list,2021-07-08 19:15:10.805715
101.200.144.24,AVAILABILITY,domains.list,2021-07-08 19:15:31.365105
101.200.149.0,AVAILABILITY,domains.list,2021-07-08 19:15:51.921277
101.200.150.106,AVAILABILITY,domains.list,2021-07-08 19:16:12.473792
101.200.151.23,AVAILABILITY,domains.list,2021-07-08 19:16:33.021882
101.200.157.219,AVAILABILITY,domains.list,2021-07-08 19:16:37.414829
101.200.160.48,AVAILABILITY,domains.list,2021-07-08 19:16:39.586083
101.200.160.94,AVAILABILITY,domains.list,2021-07-08 19:17:00.136089
101.200.172.108,AVAILABILITY,domains.list,2021-07-08 19:17:00.961648
101.200.174.182,AVAILABILITY,domains.list,2021-07-08 19:17:03.505543
101.200.181.94,AVAILABILITY,domains.list,2021-07-08 19:17:26.595291
101.200.182.206,AVAILABILITY,domains.list,2021-07-08 19:17:47.146045
101.200.183.229,AVAILABILITY,domains.list,2021-07-08 19:18:07.693098
101.200.183.48,AVAILABILITY,domains.list,2021-07-08 19:18:28.044345
101.200.186.186,AVAILABILITY,domains.list,2021-07-08 19:18:49.641903
101.200.190.200,AVAILABILITY,domains.list,2021-07-08 19:19:11.006938
101.200.191.33,AVAILABILITY,domains.list,2021-07-08 19:19:31.573220
101.200.191.87,AVAILABILITY,domains.list,2021-07-08 19:19:52.125881
101.200.195.115,AVAILABILITY,domains.list,2021-07-08 19:19:53.109396
101.200.195.28,AVAILABILITY,domains.list,2021-07-08 19:19:54.666561
101.200.198.181,AVAILABILITY,domains.list,2021-07-08 19:20:17.376103
101.200.204.152,AVAILABILITY,domains.list,2021-07-08 19:20:19.700950
101.200.204.17,AVAILABILITY,domains.list,2021-07-08 19:20:40.254792
101.200.204.27,AVAILABILITY,domains.list,2021-07-08 19:21:00.602041
101.200.217.169,AVAILABILITY,domains.list,2021-07-08 19:21:25.370583
101.200.221.216,AVAILABILITY,domains.list,2021-07-08 19:21:46.973746
101.200.242.15,AVAILABILITY,domains.list,2021-07-08 19:22:07.522497
101.200.36.12,AVAILABILITY,domains.list,2021-07-08 19:22:28.073077
101.200.38.125,AVAILABILITY,domains.list,2021-07-08 19:22:29.759582
101.200.51.228,AVAILABILITY,domains.list,2021-07-08 19:24:18.137467
101.200.55.181,AVAILABILITY,domains.list,2021-07-08 19:24:38.969444
101.200.55.200,AVAILABILITY,domains.list,2021-07-08 19:24:59.646269
101.200.60.75,AVAILABILITY,domains.list,2021-07-08 19:25:21.423371
101.200.75.126,AVAILABILITY,domains.list,2021-07-08 19:25:22.558587
101.200.78.110,AVAILABILITY,domains.list,2021-07-08 19:25:24.717248
101.200.79.185,AVAILABILITY,domains.list,2021-07-08 19:25:25.875844
101.200.79.204,AVAILABILITY,domains.list,2021-07-08 19:25:46.429123
101.200.82.118,AVAILABILITY,domains.list,2021-07-08 19:25:47.946780
101.200.89.43,AVAILABILITY,domains.list,2021-07-08 19:26:08.496315
101.201.100.85,AVAILABILITY,domains.list,2021-07-08 19:26:30.225717
101.201.106.141,AVAILABILITY,domains.list,2021-07-08 19:26:50.900911
101.201.107.10,AVAILABILITY,domains.list,2021-07-08 19:27:11.464980
101.201.108.175,AVAILABILITY,domains.list,2021-07-08 19:27:32.092906
101.201.111.195,AVAILABILITY,domains.list,2021-07-08 19:27:52.806644
101.201.121.242,AVAILABILITY,domains.list,2021-07-08 19:28:13.663906
101.201.142.226,AVAILABILITY,domains.list,2021-07-08 19:28:35.084236
101.201.146.179,AVAILABILITY,domains.list,2021-07-08 19:28:37.247047
101.201.147.90,AVAILABILITY,domains.list,2021-07-08 19:28:57.797441
101.201.210.55,AVAILABILITY,domains.list,2021-07-08 19:29:20.186674
101.201.211.97,AVAILABILITY,domains.list,2021-07-08 19:29:40.740447
101.201.220.13,AVAILABILITY,domains.list,2021-07-08 19:30:01.301716
101.201.220.221,AVAILABILITY,domains.list,2021-07-08 19:30:21.864706
101.201.220.44,AVAILABILITY,domains.list,2021-07-08 19:30:42.420093
101.201.220.82,AVAILABILITY,domains.list,2021-07-08 19:31:02.775939
101.201.232.238,AVAILABILITY,domains.list,2021-07-08 19:31:24.392776
101.201.232.250,AVAILABILITY,domains.list,2021-07-08 19:31:44.971193
101.201.28.250,AVAILABILITY,domains.list,2021-07-08 19:32:06.581628
101.201.28.96,AVAILABILITY,domains.list,2021-07-08 19:32:07.756474
101.201.40.230,AVAILABILITY,domains.list,2021-07-08 19:32:28.324899
101.201.42.121,AVAILABILITY,domains.list,2021-07-08 19:32:48.882153
101.201.43.149,AVAILABILITY,domains.list,2021-07-08 19:33:09.437424
101.201.49.94,AVAILABILITY,domains.list,2021-07-08 19:33:30.000809
101.201.51.217,AVAILABILITY,domains.list,2021-07-08 19:33:50.551666
101.201.52.186,AVAILABILITY,domains.list,2021-07-08 19:34:11.106410
101.201.64.88,AVAILABILITY,domains.list,2021-07-08 19:34:31.665964
101.201.72.145,AVAILABILITY,domains.list,2021-07-08 19:34:52.222467
101.201.73.24,AVAILABILITY,domains.list,2021-07-08 19:35:12.922880
101.201.77.132,AVAILABILITY,domains.list,2021-07-08 19:35:34.446511
101.201.79.64,AVAILABILITY,domains.list,2021-07-08 19:35:55.001254
101.201.80.141,AVAILABILITY,domains.list,2021-07-08 19:36:15.563780
101.203.174.209,AVAILABILITY,domains.list,2021-07-08 19:36:39.276022
101.203.175.118,AVAILABILITY,domains.list,2021-07-08 19:36:59.912212
101.204.104.71,AVAILABILITY,domains.list,2021-07-08 19:37:21.489435
101.204.106.195,AVAILABILITY,domains.list,2021-07-08 19:37:42.639288
101.204.110.122,AVAILABILITY,domains.list,2021-07-08 19:38:03.439357
101.204.128.231,AVAILABILITY,domains.list,2021-07-08 19:38:24.577568
101.204.129.226,AVAILABILITY,domains.list,2021-07-08 19:38:45.346081
101.204.130.225,AVAILABILITY,domains.list,2021-07-08 19:39:07.561566
101.204.130.62,AVAILABILITY,domains.list,2021-07-08 19:40:43.927112
101.204.131.206,AVAILABILITY,domains.list,2021-07-08 19:41:04.460794
101.204.144.253,AVAILABILITY,domains.list,2021-07-08 19:41:25.471583
101.204.147.161,AVAILABILITY,domains.list,2021-07-08 19:41:46.432918
101.204.149.120,AVAILABILITY,domains.list,2021-07-08 19:42:06.775008
101.204.149.53,AVAILABILITY,domains.list,2021-07-08 19:42:28.079007
101.204.151.153,AVAILABILITY,domains.list,2021-07-08 19:42:53.797645
101.204.151.3,AVAILABILITY,domains.list,2021-07-08 19:43:14.329146
101.204.151.49,AVAILABILITY,domains.list,2021-07-08 19:43:35.729474
101.204.151.67,AVAILABILITY,domains.list,2021-07-08 19:43:56.077365
101.204.209.79,AVAILABILITY,domains.list,2021-07-08 19:44:16.587537
101.204.211.148,AVAILABILITY,domains.list,2021-07-08 19:44:37.567464
101.204.211.164,AVAILABILITY,domains.list,2021-07-08 19:45:00.225506
101.204.212.135,AVAILABILITY,domains.list,2021-07-08 19:45:20.743695
101.204.212.171,AVAILABILITY,domains.list,2021-07-08 19:45:41.750981
101.204.213.21,AVAILABILITY,domains.list,2021-07-08 19:46:02.968317
101.204.214.158,AVAILABILITY,domains.list,2021-07-08 19:46:23.489056
101.204.214.170,AVAILABILITY,domains.list,2021-07-08 19:46:44.031588
101.204.214.246,AVAILABILITY,domains.list,2021-07-08 19:47:05.075500
101.204.215.115,AVAILABILITY,domains.list,2021-07-08 19:47:26.040451
101.204.215.128,AVAILABILITY,domains.list,2021-07-08 19:47:46.977943
101.204.215.26,AVAILABILITY,domains.list,2021-07-08 19:48:07.497032
101.204.215.61,AVAILABILITY,domains.list,2021-07-08 19:48:28.008882
101.204.215.70,AVAILABILITY,domains.list,2021-07-08 19:48:49.002616
101.204.215.76,AVAILABILITY,domains.list,2021-07-08 19:49:09.969061
101.204.215.81,AVAILABILITY,domains.list,2021-07-08 19:49:30.955287
101.204.215.95,AVAILABILITY,domains.list,2021-07-08 19:49:51.938103
101.204.216.236,AVAILABILITY,domains.list,2021-07-08 19:50:12.903623
101.204.216.98,AVAILABILITY,domains.list,2021-07-08 19:50:33.246827
101.204.219.124,AVAILABILITY,domains.list,2021-07-08 19:50:54.205266
101.204.226.181,AVAILABILITY,domains.list,2021-07-08 19:51:15.193022
101.204.230.34,AVAILABILITY,domains.list,2021-07-08 19:51:36.182541
101.204.236.49,AVAILABILITY,domains.list,2021-07-08 19:51:56.695328
101.204.243.7,AVAILABILITY,domains.list,2021-07-08 19:52:27.958113
101.204.245.174,AVAILABILITY,domains.list,2021-07-08 19:52:48.490675
101.204.247.104,AVAILABILITY,domains.list,2021-07-08 19:53:09.438122
101.204.247.241,AVAILABILITY,domains.list,2021-07-08 19:53:30.416643
101.204.247.242,AVAILABILITY,domains.list,2021-07-08 19:53:56.149057
101.204.247.251,AVAILABILITY,domains.list,2021-07-08 19:54:17.366834
101.204.248.225,AVAILABILITY,domains.list,2021-07-08 19:54:43.105548
101.204.56.167,AVAILABILITY,domains.list,2021-07-08 19:55:04.075766
101.205.119.179,AVAILABILITY,domains.list,2021-07-08 19:55:25.119078
101.205.119.79,AVAILABILITY,domains.list,2021-07-08 19:57:03.260856
101.205.120.43,AVAILABILITY,domains.list,2021-07-08 19:57:23.640915
101.205.120.44,AVAILABILITY,domains.list,2021-07-08 19:57:44.177071
101.205.120.58,AVAILABILITY,domains.list,2021-07-08 19:58:04.716325
101.205.120.59,AVAILABILITY,domains.list,2021-07-08 19:58:25.872043
101.205.150.33,AVAILABILITY,domains.list,2021-07-08 19:58:46.818424
101.206.46.6,AVAILABILITY,domains.list,2021-07-08 19:59:07.431798
101.206.66.41,AVAILABILITY,domains.list,2021-07-08 19:59:28.449261
101.207.224.112,AVAILABILITY,domains.list,2021-07-08 19:59:54.734483
101.207.248.14,AVAILABILITY,domains.list,2021-07-08 20:00:15.065192
101.207.28.55,AVAILABILITY,domains.list,2021-07-08 20:00:36.024965
101.21.83.239,AVAILABILITY,domains.list,2021-07-08 20:00:57.704401
101.219.255.254,AVAILABILITY,domains.list,2021-07-08 20:01:23.068880
101.22.137.79,AVAILABILITY,domains.list,2021-07-08 20:01:43.230190
101.22.156.170,AVAILABILITY,domains.list,2021-07-08 20:02:03.447052
101.22.156.221,AVAILABILITY,domains.list,2021-07-08 20:02:23.661431
101.22.156.65,AVAILABILITY,domains.list,2021-07-08 20:02:44.004206
101.22.157.103,AVAILABILITY,domains.list,2021-07-08 20:03:09.434272
101.22.157.218,AVAILABILITY,domains.list,2021-07-08 20:03:29.653831
101.22.157.226,AVAILABILITY,domains.list,2021-07-08 20:03:49.926834
101.22.159.107,AVAILABILITY,domains.list,2021-07-08 20:04:10.099047
101.22.226.178,AVAILABILITY,domains.list,2021-07-08 20:04:35.533316
101.22.226.35,AVAILABILITY,domains.list,2021-07-08 20:04:55.697792
101.22.228.59,AVAILABILITY,domains.list,2021-07-08 20:05:15.863629
101.22.230.19,AVAILABILITY,domains.list,2021-07-08 20:05:41.284706
101.22.235.187,AVAILABILITY,domains.list,2021-07-08 20:06:01.494515
101.22.240.111,AVAILABILITY,domains.list,2021-07-08 20:06:21.662809
101.22.240.225,AVAILABILITY,domains.list,2021-07-08 20:06:41.970922
101.22.248.206,AVAILABILITY,domains.list,2021-07-08 20:07:02.136793
101.22.25.221,AVAILABILITY,domains.list,2021-07-08 20:07:22.356637
101.22.25.62,AVAILABILITY,domains.list,2021-07-08 20:07:42.582945
101.22.29.76,AVAILABILITY,domains.list,2021-07-08 20:08:02.738169
101.224.126.7,AVAILABILITY,domains.list,2021-07-08 20:08:22.908968
101.224.17.175,AVAILABILITY,domains.list,2021-07-08 20:08:43.062527
101.224.219.58,AVAILABILITY,domains.list,2021-07-08 20:09:03.229600
101.224.91.2,AVAILABILITY,domains.list,2021-07-08 20:09:23.438267
101.224.97.135,AVAILABILITY,domains.list,2021-07-08 20:09:43.611985
101.226.164.167,AVAILABILITY,domains.list,2021-07-08 20:10:09.908000
101.226.164.254,AVAILABILITY,domains.list,2021-07-08 20:10:33.995890
101.226.168.158,AVAILABILITY,domains.list,2021-07-08 20:11:00.276108
101.226.175.149,AVAILABILITY,domains.list,2021-07-08 20:11:35.615603
101.226.176.26,AVAILABILITY,domains.list,2021-07-08 20:12:05.841025
101.226.177.166,AVAILABILITY,domains.list,2021-07-08 20:13:36.855002
101.226.196.136,AVAILABILITY,domains.list,2021-07-08 20:13:43.099835
101.226.200.214,AVAILABILITY,domains.list,2021-07-08 20:14:07.878655
101.226.241.212,AVAILABILITY,domains.list,2021-07-08 20:14:54.186160
101.226.241.61,AVAILABILITY,domains.list,2021-07-08 20:15:34.745107
101.226.243.110,AVAILABILITY,domains.list,2021-07-08 20:15:59.684262
101.226.249.195,AVAILABILITY,domains.list,2021-07-08 20:16:37.744406
101.226.249.45,AVAILABILITY,domains.list,2021-07-08 20:17:11.259410
101.226.254.138,AVAILABILITY,domains.list,2021-07-08 20:17:48.486239
101.227.170.42,AVAILABILITY,domains.list,2021-07-08 20:18:13.024349
101.227.241.251,AVAILABILITY,domains.list,2021-07-08 20:18:43.382945
101.227.244.199,AVAILABILITY,domains.list,2021-07-08 20:19:08.038031
101.227.244.233,AVAILABILITY,domains.list,2021-07-08 20:19:28.624879
101.227.249.242,AVAILABILITY,domains.list,2021-07-08 20:19:58.301440
101.227.251.251,AVAILABILITY,domains.list,2021-07-08 20:20:28.124216
101.227.253.136,AVAILABILITY,domains.list,2021-07-08 20:20:58.165093
101.227.67.46,AVAILABILITY,domains.list,2021-07-08 20:21:23.154617
101.227.69.162,AVAILABILITY,domains.list,2021-07-08 20:21:55.464226
101.227.71.40,AVAILABILITY,domains.list,2021-07-08 20:22:20.620850
101.228.14.120,AVAILABILITY,domains.list,2021-07-08 20:22:40.893756
101.228.184.50,AVAILABILITY,domains.list,2021-07-08 20:23:01.273378
101.228.197.15,AVAILABILITY,domains.list,2021-07-08 20:23:21.449421
101.228.206.90,AVAILABILITY,domains.list,2021-07-08 20:23:41.789512
101.228.208.34,AVAILABILITY,domains.list,2021-07-08 20:24:02.136240
101.228.208.47,AVAILABILITY,domains.list,2021-07-08 20:24:22.367265
101.228.210.103,AVAILABILITY,domains.list,2021-07-08 20:24:42.583317
101.228.229.231,AVAILABILITY,domains.list,2021-07-08 20:25:02.851163
101.228.229.55,AVAILABILITY,domains.list,2021-07-08 20:25:23.079793
101.228.4.82,AVAILABILITY,domains.list,2021-07-08 20:25:43.381264
101.228.7.24,AVAILABILITY,domains.list,2021-07-08 20:26:03.602197
101.229.131.175,AVAILABILITY,domains.list,2021-07-08 20:26:23.821336
101.229.160.207,AVAILABILITY,domains.list,2021-07-08 20:26:44.146992
101.229.206.62,AVAILABILITY,domains.list,2021-07-08 20:27:04.484202
101.229.237.70,AVAILABILITY,domains.list,2021-07-08 20:27:24.814539
101.229.32.193,AVAILABILITY,domains.list,2021-07-08 20:27:45.165514
101.229.36.36,AVAILABILITY,domains.list,2021-07-08 20:28:05.394952
